reading_id,worker_id,reading_no,datetime,shift_hours,break_gap_min,x,y,z,eda,hr,temp,fatigue_score,blink_rate_pm,activity_score,accel_impact_g,body_angle_deg,motion_detected,helmet,vest,zone_authorized,hr_prev,temp_prev,eda_prev,temp_slope,hr_slope,eda_slope,heat_stress_risk_percent,fatigue_risk_percent,fall_risk_percent,collapse_risk_percent,ppe_risk_percent,predicted_anomaly,time_to_anomaly_min,confidence_percent,actual_anomaly_label,hour,day,month,movement_magnitude,ppe_compliance_score,overall_risk_score,fatigue_level,worker_id_encoded,predicted_anomaly_encoded,actual_anomaly_label_encoded
1,W001,1,2024-01-01 8:15:00,0.25,7,-32,-62,-20,6.649189,74.08,36.88,1.68,18,86,0.11,87,1,1,1,1,75.75,36.88,6.646399,0.0046,-1.6654,0.00279,5,21,8,12,6,Worker_Fatigue,0,0,Normal,8,1,1,72.58098925,3,10.4,Low,0,2,2
2,W001,2,2024-01-01 8:30:00,0.5,15,-26,-78,10,6.637319,74.23,36.88,1.35,18,90,0.15,86,1,1,1,1,74.08,36.88,6.649189,0,0.15,-0.01187,3,17,6,9,7,Worker_Fatigue,0,0,Normal,8,1,1,82.82511696,3,8.4,Low,0,2,2
3,W001,3,2024-01-01 8:45:00,0.75,22,1,-69,16,6.649309,74.85,36.9,1.49,18,85,0.11,87,1,1,1,1,74.23,36.88,6.637319,0.02,0.62,0.01199,25,22,7,19,10,Worker_Fatigue,0,0,Normal,8,1,1,70.83784299,3,16.6,Low,0,2,2
4,W001,4,2024-01-01 9:00:00,1,30,-45,-69,32,6.633117,76.06,36.82,1.65,19,88,0.14,87,1,1,1,1,74.85,36.9,6.649309,-0.08,1.21,-0.016192,11,23,8,16,12,Worker_Fatigue,0,0,Normal,9,1,1,88.37420438,3,14,Low,0,2,2
5,W001,5,2024-01-01 9:15:00,1.25,37,-73,-65,-38,6.635093,73.73,36.85,1.67,19,88,0.21,88,1,1,1,1,76.06,36.82,6.633117,0.03,-2.33,0.001976,32,24,8,23,14,Worker_Fatigue,0,0,Normal,9,1,1,104.8713498,3,20.2,Low,0,2,2
6,W001,6,2024-01-01 9:30:00,1.5,45,0,-61,-38,6.641607,76.24,36.9,1.65,17,84,0.21,89,1,1,1,1,73.73,36.85,6.635093,0.05,2.51,0.006514,66,27,8,35,17,Heat_Stress,61,66,Normal,9,1,1,71.86793444,3,30.6,Low,0,0,2
7,W001,7,2024-01-01 9:45:00,1.75,52,-70,-78,13,6.661353,77.2,36.9,1.76,17,93,0.12,87,1,1,1,1,76.24,36.9,6.641607,0,0.96,0.019746,13,24,8,18,16,Worker_Fatigue,0,0,Normal,9,1,1,105.6077649,3,15.8,Low,0,2,2
8,W001,8,2024-01-01 10:00:00,2,60,3,-47,13,6.644202,75.88,36.82,1.79,18,89,0.09,87,1,1,1,1,77.2,36.9,6.661353,-0.08,-1.32,-0.017151,9,27,8,19,20,Worker_Fatigue,0,0,Normal,10,1,1,48.856934,3,16.6,Low,0,2,2
9,W001,9,2024-01-01 10:15:00,2.25,67,-41,-47,36,6.660117,76.13,36.88,1.8,19,85,0.13,87,1,1,1,1,75.88,36.82,6.644202,0.06,0.25,0.015915,65,30,9,37,23,Heat_Stress,63,65,Normal,10,1,1,72.01388755,3,32.8,Low,0,0,2
10,W001,10,2024-01-01 10:30:00,2.5,75,-33,-51,-13,6.632245,75.75,36.87,1.74,17,85,0.14,88,1,1,1,1,76.13,36.88,6.660117,-0.01,-0.38,-0.027872,11,31,8,22,25,Worker_Fatigue,0,0,Normal,10,1,1,62.12084996,3,19.4,Low,0,2,2
11,W001,11,2024-01-01 10:45:00,2.75,82,-54,-43,-26,6.635673,75.72,36.83,1.68,18,86,0.1,88,1,1,1,1,75.75,36.87,6.632245,-0.04,-0.03,0.003428,12,31,8,23,27,Worker_Fatigue,0,0,Normal,10,1,1,73.76313442,3,20.2,Low,0,2,2
12,W001,12,2024-01-01 11:00:00,3,90,-22,-58,-40,6.657827,75.69,36.84,1.97,17,87,0.25,86,1,1,1,1,75.72,36.83,6.635673,0.01,-0.03,0.022154,22,34,9,28,29,Worker_Fatigue,0,0,Normal,11,1,1,73.81056835,3,24.4,Low,0,2,2
13,W001,13,2024-01-01 11:15:00,3.25,97,-64,-52,-11,6.663465,75.01,36.9,2.02,18,85,0.2,86,1,1,1,1,75.69,36.84,6.657827,0.06,-0.68,0.005638,68,36,10,43,32,Heat_Stress,57,68,Normal,11,1,1,83.19254774,3,37.8,Low,0,0,2
14,W001,14,2024-01-01 11:30:00,3.5,105,-71,-44,40,6.654534,74.57,36.87,1.74,19,86,0.04,88,1,1,1,1,75.01,36.9,6.663465,-0.03,-0.44,-0.008931,15,34,8,26,33,Worker_Fatigue,0,0,Normal,11,1,1,92.61209424,3,23.2,Low,0,2,2
15,W001,15,2024-01-01 11:45:00,3.75,112,-79,-75,16,6.659393,73.59,36.91,1.82,19,86,0.17,88,1,1,1,1,74.57,36.87,6.654534,0.04,-0.98,0.004859,52,36,9,39,36,Heat_Stress,86,52,Normal,11,1,1,110.0999546,3,34.4,Low,0,0,2
16,W001,16,2024-01-01 12:00:00,4,120,-21,-46,15,6.634486,78.54,36.89,2.08,19,83,0.23,87,1,1,1,1,73.59,36.91,6.659393,-0.02,4.95,-0.024907,47,41,10,40,39,Heat_Stress,95,47,Normal,12,1,1,52.74466798,3,35.4,Low,0,0,2
17,W001,17,2024-01-01 12:15:00,4.25,127,-34,-56,0,6.6327,74.44,36.88,1.89,18,87,0.23,88,1,1,1,1,78.54,36.89,6.634486,-0.01,-4.1,-0.001786,19,38,9,31,39,Worker_Fatigue,0,0,Normal,12,1,1,65.51335742,3,27.2,Low,0,2,2
18,W001,18,2024-01-01 12:30:00,4.5,135,6,-45,-20,6.63569,76.68,36.85,2.11,18,84,0.18,87,1,1,1,1,74.44,36.88,6.6327,-0.03,2.24,0.00299,33,42,10,37,43,PPE_Violation,102,43,Normal,12,1,1,49.60846702,3,33,Low,0,1,2
19,W001,19,2024-01-01 12:45:00,4.75,142,-71,-55,49,6.637138,77.31,36.87,1.99,18,86,0.19,89,1,1,1,1,76.68,36.85,6.63569,0.02,0.63,0.001448,43,41,9,40,44,PPE_Violation,100,44,Normal,12,1,1,102.3083574,3,35.4,Low,0,1,2
20,W001,20,2024-01-01 13:00:00,5,150,-7,-47,36,6.649977,75.83,36.84,2.18,19,86,0.05,87,1,1,1,1,77.31,36.87,6.637138,-0.03,-1.48,0.012839,22,44,10,36,46,PPE_Violation,97,46,Normal,13,1,1,59.61543424,3,31.6,Low,0,1,2
21,W001,21,2024-01-01 13:15:00,5.25,157,-49,-64,-40,6.660772,75.78,36.9,2.13,19,87,0.17,88,1,1,1,1,75.83,36.84,6.649977,0.06,-0.05,0.010795,77,44,10,53,48,Heat_Stress,41,77,Normal,13,1,1,89.98333179,3,46.4,Low,0,0,2
22,W001,22,2024-01-01 13:30:00,5.5,165,-68,-59,26,6.669545,75.02,36.88,1.88,16,85,0.12,89,1,1,1,1,75.78,36.9,6.660772,-0.02,-0.76,0.008773,24,44,9,37,51,PPE_Violation,88,51,Normal,13,1,1,93.70699013,3,33,Low,0,1,2
23,W001,23,2024-01-01 13:45:00,5.75,172,-50,-48,-22,6.670289,76.57,36.84,2.47,18,87,0.15,88,1,1,1,1,75.02,36.88,6.669545,-0.04,1.55,0.000744,35,49,12,44,52,PPE_Violation,86,52,Normal,13,1,1,72.71863585,3,38.4,Low,0,1,2
24,W001,24,2024-01-01 14:00:00,6,180,-30,-51,16,6.651449,74.56,36.87,2.35,17,81,0.12,87,1,1,1,1,76.57,36.84,6.670289,0.03,-2.01,-0.01884,54,52,11,51,56,PPE_Violation,79,56,Normal,14,1,1,61.29437168,3,44.8,Low,0,1,2
25,W001,25,2024-01-01 14:15:00,6.25,187,-71,-60,-2,6.63313,76.31,36.92,2.53,16,82,0.13,89,1,1,1,1,74.56,36.87,6.651449,0.05,1.75,-0.018319,83,54,12,61,58,Heat_Stress,30,83,Normal,14,1,1,92.97849214,3,53.6,Low,0,0,2
26,W001,26,2024-01-01 14:30:00,6.5,195,-34,-45,15,6.662723,75.37,36.84,2.07,18,82,0.25,86,1,1,1,1,76.31,36.92,6.63313,-0.08,-0.94,0.029593,29,51,10,44,60,PPE_Violation,72,60,Normal,14,1,1,58.36094585,3,38.8,Low,0,1,2
27,W001,27,2024-01-01 14:45:00,6.75,202,-30,-42,-11,6.65287,75.44,36.88,2.33,19,79,0.11,90,1,1,1,1,75.37,36.84,6.662723,0.04,0.07,-0.009853,66,56,11,57,63,Heat_Stress,61,66,Normal,14,1,1,52.77309921,3,50.6,Low,0,0,2
28,W001,28,2024-01-01 15:00:00,7,210,-23,-44,23,6.644318,76.17,36.86,2.27,18,82,0.17,87,1,1,1,1,75.44,36.88,6.65287,-0.02,0.73,-0.008552,35,55,11,48,64,PPE_Violation,64,64,Normal,15,1,1,54.71745608,3,42.6,Low,0,1,2
29,W001,29,2024-01-01 15:15:00,7.25,217,3,-45,-7,6.651916,74.8,36.9,2.26,16,79,0.1,89,1,1,1,1,76.17,36.86,6.644318,0.04,-1.37,0.007598,68,57,11,59,67,Heat_Stress,57,68,Normal,15,1,1,45.63989483,3,52.4,Low,0,0,2
30,W001,30,2024-01-01 15:30:00,7.5,225,5,-57,13,6.659454,76.98,36.9,2.4,17,84,0.17,87,1,1,1,1,74.8,36.9,6.651916,0,2.18,0.007538,46,57,12,54,68,PPE_Violation,57,68,Normal,15,1,1,58.67708241,3,47.4,Low,0,1,2
31,W001,31,2024-01-01 15:45:00,7.75,232,-30,-62,38,6.658448,73.06,36.86,2.25,18,84,0.1,87,1,1,1,1,76.98,36.9,6.659454,-0.04,-3.92,-0.001006,34,57,11,50,70,PPE_Violation,54,70,Normal,15,1,1,78.66384176,3,44.4,Low,0,1,2
32,W001,32,2024-01-01 16:00:00,8,240,-73,-47,20,6.650528,74.51,36.87,2.38,17,81,0.17,87,1,1,1,1,73.06,36.86,6.658448,0.01,1.45,-0.00792,53,60,11,58,73,PPE_Violation,48,73,Normal,16,1,1,89.09545443,3,51,Low,0,1,2
33,W001,33,2024-01-01 16:15:00,8.25,247,-37,-77,-38,6.639757,77.48,36.86,2.69,19,78,0.13,87,1,1,1,1,74.51,36.87,6.650528,-0.01,2.97,-0.010771,54,65,13,61,76,PPE_Violation,43,76,Normal,16,1,1,93.49866309,3,53.8,Low,0,1,2
34,W001,34,2024-01-01 16:30:00,8.5,255,-59,-41,-48,6.651592,76.23,36.85,2.75,18,82,0.2,87,1,1,1,1,77.48,36.86,6.639757,-0.01,-1.25,0.011835,38,65,13,57,77,PPE_Violation,41,77,Normal,16,1,1,86.40601831,3,50,Low,0,1,2
35,W001,35,2024-01-01 16:45:00,8.75,262,-23,-56,40,6.651135,75.85,36.9,2.56,18,86,0.12,89,1,1,1,1,76.23,36.85,6.651592,0.05,-0.38,-0.000457,84,62,12,69,78,Heat_Stress,28,84,Normal,16,1,1,72.56031973,3,61,Low,0,0,2
36,W001,36,2024-01-01 17:00:00,9,270,7,-40,19,6.638002,79.03,36.85,2.49,17,77,0.1,88,1,1,1,1,75.85,36.9,6.651135,-0.05,3.18,-0.013133,59,67,12,64,83,PPE_Violation,30,83,Normal,17,1,1,44.83302354,3,57,Low,0,1,2
37,W001,37,2024-01-01 17:15:00,9.25,277,-2,-78,-47,6.652112,72.88,36.89,2.76,18,83,0.2,87,1,1,1,1,79.03,36.85,6.638002,0.04,-6.15,0.01411,77,67,13,71,83,PPE_Violation,30,83,Normal,17,1,1,91.08786966,3,62.2,Low,0,1,2
38,W001,38,2024-01-01 17:30:00,9.5,285,-74,-45,31,6.629267,77.51,36.86,2.84,18,81,0.04,87,1,1,1,1,72.88,36.89,6.652112,-0.03,4.63,-0.022845,70,70,14,70,86,PPE_Violation,25,86,Normal,17,1,1,91.98912979,3,62,Low,0,1,2
39,W001,39,2024-01-01 17:45:00,9.75,292,-47,-75,17,6.643269,78.02,36.88,2.43,17,79,0.22,89,1,1,1,1,77.51,36.86,6.629267,0.02,0.51,0.014002,64,68,12,68,89,PPE_Violation,19,89,Normal,17,1,1,90.1276872,3,60.2,Low,0,1,2
40,W001,40,2024-01-01 18:00:00,10,300,-67,-78,25,6.658192,78.07,36.88,2.71,19,85,0.13,88,1,1,1,1,78.02,36.88,6.643269,0,0.05,0.014923,45,69,13,63,89,PPE_Violation,19,89,Normal,18,1,1,105.8206029,3,55.8,Low,0,1,2
41,W001,41,2024-01-01 18:15:00,10.25,307,-48,-59,28,6.642062,77.98,36.9,2.68,18,77,0.21,87,1,1,1,1,78.07,36.88,6.658192,0.02,-0.09,-0.01613,64,73,13,71,93,PPE_Violation,12,93,Normal,18,1,1,81.04936767,3,62.8,Low,0,1,2
42,W001,42,2024-01-01 18:30:00,10.5,315,-22,-70,-42,6.629365,78.19,36.83,2.75,17,82,0.01,87,1,1,1,1,77.98,36.9,6.642062,-0.07,0.21,-0.012697,48,73,13,67,94,PPE_Violation,10,94,Normal,18,1,1,84.54584555,3,59,Low,0,1,2
43,W001,43,2024-01-01 18:45:00,10.75,322,-76,-73,-22,6.653872,74.09,36.89,2.75,16,85,0.12,87,1,1,1,1,78.19,36.83,6.629365,0.06,-4.1,0.024507,99,72,13,82,95,Heat_Stress,1,99,Normal,18,1,1,107.6522178,3,72.2,Low,0,0,2
44,W001,44,2024-01-01 19:00:00,11,330,-1,-43,-43,6.640862,75.58,36.84,2.64,17,84,0.1,88,1,1,1,1,74.09,36.89,6.653872,-0.05,1.49,-0.01301,58,73,13,71,98,PPE_Violation,3,98,Normal,19,1,1,60.8194048,3,62.6,Low,0,1,2
45,W001,45,2024-01-01 19:15:00,11.25,337,-46,-61,24,6.639035,77.02,36.86,2.94,15,79,0.32,87,1,1,1,1,75.58,36.84,6.640862,0.02,1.44,-0.001827,77,79,14,80,99,PPE_Violation,1,99,Normal,19,1,1,80.08120878,3,69.8,Low,0,1,2
46,W001,46,2024-01-01 19:30:00,11.5,345,-55,-64,-47,6.677188,76.61,36.88,3.05,16,80,0.04,88,1,1,1,1,77.02,36.86,6.639035,0.02,-0.41,0.038153,69,80,15,78,99,PPE_Violation,1,99,Normal,19,1,1,96.59192513,3,68.2,Low,0,1,2
47,W001,47,2024-01-01 19:45:00,11.75,352,-35,-76,3,6.638667,74.15,36.86,2.86,18,80,0.22,88,1,1,1,1,76.61,36.88,6.677188,-0.02,-2.46,-0.038521,52,79,14,73,99,PPE_Violation,1,99,Normal,19,1,1,83.72574276,3,63.4,Low,0,1,2
48,W001,48,2024-01-01 20:00:00,12,360,-47,-40,10,6.636026,78.03,36.89,2.91,15,78,0.21,89,1,1,1,1,74.15,36.86,6.638667,0.03,3.88,-0.002641,99,82,14,89,99,Heat_Stress,1,99,Normal,20,1,1,62.52199613,3,76.6,Low,0,0,2
49,W001,49,2024-01-01 20:15:00,12.25,367,0,-76,2,6.641818,75.2,36.87,2.88,16,79,0.09,87,1,1,1,1,78.03,36.89,6.636026,-0.02,-2.83,0.005792,55,82,14,76,99,PPE_Violation,1,99,Normal,20,1,1,76.02631123,3,65.2,Low,0,1,2
50,W001,50,2024-01-01 20:30:00,12.5,375,3,-57,7,6.644009,76.15,36.87,2.86,17,78,0.19,87,1,1,1,1,75.2,36.87,6.641818,0,0.95,0.002191,61,83,14,79,99,PPE_Violation,1,99,Normal,20,1,1,57.50652137,3,67.2,Low,0,1,2
51,W002,1,2024-01-01 8:15:00,0.25,7,-66,-60,3,6.521133,73.27,36.73,2.05,17,85,0.25,85,1,1,1,1,74.8,36.78,6.537409,-0.0547,-1.5298,-0.016276,1,24,10,12,6,Worker_Fatigue,0,0,Normal,8,1,1,89.24684868,3,10.6,Low,1,2,2
52,W002,2,2024-01-01 8:30:00,0.5,15,-42,-66,42,6.531389,74.5,36.77,2.23,18,86,0.14,89,1,1,1,1,73.27,36.73,6.521133,0.04,1.23,0.010256,45,26,11,27,8,Heat_Stress,99,45,Normal,8,1,1,88.79189152,3,23.4,Low,1,0,2
53,W002,3,2024-01-01 8:45:00,0.75,22,-61,-73,-33,6.538275,75.54,36.77,2.09,18,86,0.23,86,1,1,1,1,74.5,36.77,6.531389,0,1.04,0.006886,9,26,10,16,10,Worker_Fatigue,0,0,Normal,8,1,1,100.6926015,3,14.2,Low,1,2,2
54,W002,4,2024-01-01 9:00:00,1,30,-46,-61,-19,6.515328,75.89,36.82,2.23,18,83,0.18,88,1,1,1,1,75.54,36.77,6.538275,0.05,0.35,-0.022947,51,30,11,31,13,Heat_Stress,88,51,Normal,9,1,1,78.7273777,3,27.2,Low,1,0,2
55,W002,5,2024-01-01 9:15:00,1.25,37,-69,-42,12,6.540678,74.84,36.84,2.16,15,85,0.22,87,1,1,1,1,75.89,36.82,6.515328,0.02,-1.05,0.02535,23,29,10,23,15,Worker_Fatigue,0,0,Normal,9,1,1,81.66394553,3,20,Low,1,2,2
56,W002,6,2024-01-01 9:30:00,1.5,45,-51,-70,24,6.542503,73.05,36.77,2.49,17,85,0.16,87,1,1,1,1,74.84,36.84,6.540678,-0.07,-1.79,0.001825,6,33,12,20,17,Worker_Fatigue,0,0,Normal,9,1,1,89.87213139,3,17.6,Low,1,2,2
57,W002,7,2024-01-01 9:45:00,1.75,52,-8,-74,-27,6.542199,74.94,36.77,2.35,17,85,0.18,86,1,1,1,1,73.05,36.77,6.542503,0,1.89,-0.000304,19,33,11,24,19,Worker_Fatigue,0,0,Normal,9,1,1,79.17701687,3,21.2,Low,1,2,2
58,W002,8,2024-01-01 10:00:00,2,60,1,-56,-9,6.551268,76.73,36.81,2.52,17,80,0.12,86,1,1,1,1,74.94,36.77,6.542199,0.04,1.79,0.009069,55,38,12,38,23,Heat_Stress,81,55,Normal,10,1,1,56.72741841,3,33.2,Low,1,0,2
59,W002,9,2024-01-01 10:15:00,2.25,67,-17,-43,20,6.540208,76.11,36.78,2.13,17,88,0.21,87,1,1,1,1,76.73,36.81,6.551268,-0.03,-0.62,-0.01106,10,32,10,22,22,Worker_Fatigue,0,0,Normal,10,1,1,50.37856687,3,19.2,Low,1,2,2
60,W002,10,2024-01-01 10:30:00,2.5,75,-69,-40,33,6.523994,75.3,36.75,2.78,17,83,0.19,87,1,0,1,1,76.11,36.78,6.540208,-0.03,-0.81,-0.016214,11,40,13,26,26,Worker_Fatigue,108,40,PPE_Violation,10,1,1,86.31338251,2,23.2,Low,1,2,3
61,W002,11,2024-01-01 10:45:00,2.75,82,-31,-43,-15,6.520484,74.91,36.82,2.75,16,82,0.12,85,1,0,1,1,75.3,36.75,6.523994,0.07,-0.39,-0.00351,75,42,13,47,28,Heat_Stress,45,75,PPE_Violation,10,1,1,55.09083408,2,41,Low,1,0,3
62,W002,12,2024-01-01 11:00:00,3,90,-42,-43,-13,6.522381,77.34,36.76,2.43,17,80,0.2,85,1,0,1,1,74.91,36.82,6.520484,-0.06,2.43,0.001897,28,41,12,33,31,Worker_Fatigue,106,41,PPE_Violation,11,1,1,61.49796745,2,29,Low,1,2,3
63,W002,13,2024-01-01 11:15:00,3.25,97,-61,-44,-29,6.53472,78.5,36.82,2.3,17,87,0.2,86,1,0,1,1,77.34,36.76,6.522381,0.06,1.16,0.012339,75,37,11,46,31,Heat_Stress,45,75,PPE_Violation,11,1,1,80.61017306,2,40,Low,1,0,3
64,W002,14,2024-01-01 11:30:00,3.5,105,-63,-45,44,6.551295,79.94,36.75,2.03,15,78,0.11,87,1,0,1,1,78.5,36.82,6.53472,-0.07,1.44,0.016575,24,41,10,32,36,Worker_Fatigue,106,41,PPE_Violation,11,1,1,89.05054744,2,28.6,Low,1,2,3
65,W002,15,2024-01-01 11:45:00,3.75,112,-78,-75,29,6.526303,71.98,36.76,2.95,18,83,0.26,85,1,0,1,1,79.94,36.75,6.551295,0.01,-7.96,-0.024992,25,47,14,36,36,Worker_Fatigue,95,47,PPE_Violation,11,1,1,112.0267825,2,31.6,Low,1,2,3
66,W002,16,2024-01-01 12:00:00,4,120,-44,-53,-29,6.533902,75.8,36.75,2.59,16,83,0.22,87,1,0,1,1,71.98,36.76,6.526303,-0.01,3.82,0.007599,40,45,12,40,39,Worker_Fatigue,99,45,PPE_Violation,12,1,1,74.73954776,2,35.2,Low,1,2,3
67,W002,17,2024-01-01 12:15:00,4.25,127,-56,-64,9,6.54067,75.99,36.78,2.43,16,83,0.16,88,1,0,1,1,75.8,36.75,6.533902,0.03,0.19,0.006768,47,44,12,42,41,Heat_Stress,95,47,PPE_Violation,12,1,1,85.51608036,2,37.2,Low,1,0,3
68,W002,18,2024-01-01 12:30:00,4.5,135,-8,-62,-47,6.549876,76.31,36.74,2.29,16,77,0.28,86,1,0,1,1,75.99,36.78,6.54067,-0.04,0.32,0.009206,22,47,11,36,45,Worker_Fatigue,95,47,PPE_Violation,12,1,1,78.21125239,2,32.2,Low,1,2,3
69,W002,19,2024-01-01 12:45:00,4.75,142,-64,-69,-48,6.523927,75.42,36.73,2.91,16,81,0.2,87,1,0,1,1,76.31,36.74,6.549876,-0.01,-0.89,-0.025949,21,51,14,39,46,Worker_Fatigue,88,51,PPE_Violation,12,1,1,105.6456341,2,34.2,Low,1,2,3
70,W002,20,2024-01-01 13:00:00,5,150,-20,-72,41,6.557464,71.54,36.8,2.94,17,80,0.33,88,1,0,1,1,75.42,36.73,6.523927,0.07,-3.88,0.033537,85,53,14,59,48,Heat_Stress,27,85,PPE_Violation,13,1,1,85.23496935,2,51.8,Low,1,0,3
71,W002,21,2024-01-01 13:15:00,5.25,157,-57,-64,-21,6.531161,71.12,36.75,2.85,16,81,0.21,86,1,0,1,1,71.54,36.8,6.557464,-0.05,-0.42,-0.026303,23,53,14,41,50,Worker_Fatigue,84,53,PPE_Violation,13,1,1,88.23831367,2,36.2,Low,1,2,3
72,W002,22,2024-01-01 13:30:00,5.5,165,-60,-78,-23,6.543148,77.48,36.76,2.53,16,84,0.21,87,1,0,1,1,71.12,36.75,6.531161,0.01,6.36,0.011987,71,50,12,54,51,Heat_Stress,52,71,PPE_Violation,13,1,1,101.0593885,2,47.6,Low,1,0,3
73,W002,23,2024-01-01 13:45:00,5.75,172,-18,-62,-25,6.56301,73.65,36.79,2.9,15,82,0.2,88,1,0,1,1,77.48,36.76,6.543148,0.03,-3.83,0.019862,52,55,14,51,54,Worker_Fatigue,81,55,PPE_Violation,13,1,1,69.23149572,2,45.2,Low,1,2,3
74,W002,24,2024-01-01 14:00:00,6,180,-31,-45,23,6.526531,75.8,36.8,3.15,17,76,0.09,86,1,0,1,1,73.65,36.79,6.56301,0.01,2.15,-0.036479,48,61,15,53,58,Worker_Fatigue,70,61,PPE_Violation,14,1,1,59.28743543,2,47,Low,1,2,3
75,W002,25,2024-01-01 14:15:00,6.25,187,-63,-57,41,6.545748,75.92,36.82,3.09,14,79,0.23,87,1,0,1,1,75.8,36.8,6.526531,0.02,0.12,0.019217,46,60,15,53,59,Worker_Fatigue,72,60,PPE_Violation,14,1,1,94.33451118,2,46.6,Low,1,2,3
76,W002,26,2024-01-01 14:30:00,6.5,195,-69,-76,19,6.548699,75.69,36.78,3.02,17,78,0.09,87,1,0,1,1,75.92,36.82,6.545748,-0.04,-0.23,0.002951,29,61,15,49,61,Worker_Fatigue,70,61,PPE_Violation,14,1,1,104.3934864,2,43,Low,1,2,3
77,W002,27,2024-01-01 14:45:00,6.75,202,0,-55,-26,6.53554,77.31,36.76,2.99,16,82,0.28,85,1,0,1,1,75.69,36.78,6.548699,-0.02,1.62,-0.013159,40,59,14,51,62,PPE_Violation,68,62,PPE_Violation,14,1,1,60.8358447,2,45.2,Low,1,1,3
78,W002,28,2024-01-01 15:00:00,7,210,8,-49,-8,6.54964,76.23,36.79,2.98,13,78,0.27,87,1,0,1,1,77.31,36.76,6.53554,0.03,-1.08,0.0141,58,62,14,59,66,PPE_Violation,61,66,PPE_Violation,15,1,1,50.28916384,2,51.8,Low,1,1,3
79,W002,29,2024-01-01 15:15:00,7.25,217,-76,-79,48,6.533207,77.96,36.77,3.1,15,76,0.12,86,1,0,1,1,76.23,36.79,6.54964,-0.02,1.73,-0.016433,42,65,15,56,68,PPE_Violation,57,68,PPE_Violation,15,1,1,119.6703806,2,49.2,Low,1,1,3
80,W002,30,2024-01-01 15:30:00,7.5,225,-64,-40,-26,6.526703,70.93,36.75,3.34,15,78,0.38,86,1,0,1,1,77.96,36.77,6.533207,-0.02,-7.03,-0.006504,33,67,16,54,70,PPE_Violation,54,70,PPE_Violation,15,1,1,79.82480817,2,48,Low,1,1,3
81,W002,31,2024-01-01 15:45:00,7.75,232,-9,-65,-44,6.5403,75.13,36.8,3.73,15,77,0.15,86,1,0,1,1,70.93,36.75,6.526703,0.05,4.2,0.013597,99,72,18,77,72,Heat_Stress,1,99,PPE_Violation,15,1,1,79.00632886,2,67.6,Low,1,0,3
82,W002,32,2024-01-01 16:00:00,8,240,-31,-56,8,6.545368,74.05,36.75,3.49,15,79,0.14,86,1,0,1,1,75.13,36.8,6.5403,-0.05,-1.08,0.005068,36,70,17,58,74,PPE_Violation,46,74,PPE_Violation,16,1,1,64.50581369,2,51,Low,1,1,3
83,W002,33,2024-01-01 16:15:00,8.25,247,-46,-69,22,6.540267,73.57,36.77,3.39,18,79,0.19,86,1,0,1,1,74.05,36.75,6.545368,0.02,-0.48,-0.005101,55,70,16,64,76,PPE_Violation,43,76,PPE_Violation,16,1,1,85.79627032,2,56.2,Low,1,1,3
84,W002,34,2024-01-01 16:30:00,8.5,255,-48,-52,6,6.544356,73.12,36.78,3.15,15,71,0.3,87,1,0,1,1,73.57,36.77,6.540267,0.01,-0.45,0.004089,47,73,15,63,80,PPE_Violation,36,80,PPE_Violation,16,1,1,71.02112362,2,55.6,Low,1,1,3
85,W002,35,2024-01-01 16:45:00,8.75,262,-24,-49,-34,6.543315,75.97,36.77,3.62,16,79,0.29,88,1,0,1,1,73.12,36.78,6.544356,-0.01,2.85,-0.001041,56,74,18,67,80,PPE_Violation,36,80,PPE_Violation,16,1,1,64.28841264,2,59,Low,1,1,3
86,W002,36,2024-01-01 17:00:00,9,270,-54,-55,48,6.530513,74.06,36.76,3.54,16,78,0.18,87,1,0,1,1,75.97,36.77,6.543315,-0.01,-1.91,-0.012802,40,75,17,63,83,PPE_Violation,30,83,PPE_Violation,17,1,1,90.80198236,2,55.6,Low,1,1,3
87,W002,37,2024-01-01 17:15:00,9.25,277,6,-66,13,6.543864,72.08,36.81,3.91,15,76,0.22,88,1,0,1,1,74.06,36.76,6.530513,0.05,-1.98,0.013351,86,80,19,80,85,Heat_Stress,25,86,PPE_Violation,17,1,1,67.53517602,2,70,Low,1,0,3
88,W002,38,2024-01-01 17:30:00,9.5,285,-24,-78,37,6.535545,75.15,36.8,3.44,15,76,0.06,87,1,0,1,1,72.08,36.81,6.543864,-0.01,3.07,-0.008319,61,77,17,71,87,PPE_Violation,23,87,PPE_Violation,17,1,1,89.60468738,2,62.6,Low,1,1,3
89,W002,39,2024-01-01 17:45:00,9.75,292,-65,-48,19,6.553064,73.68,36.8,3.55,17,76,0.08,84,1,0,1,1,75.15,36.8,6.535545,0,-1.47,0.017519,43,79,17,67,90,PPE_Violation,18,90,PPE_Violation,17,1,1,83.00602388,2,59.2,Low,1,1,3
90,W002,40,2024-01-01 18:00:00,10,300,-55,-40,-9,6.535185,77.04,36.82,3.37,16,76,0.1,88,1,0,1,1,73.68,36.8,6.553064,0.02,3.36,-0.017879,83,78,16,79,92,PPE_Violation,14,92,PPE_Violation,18,1,1,68.60029154,2,69.6,Low,1,1,3
91,W002,41,2024-01-01 18:15:00,10.25,307,-10,-46,26,6.524893,74.32,36.8,3.93,16,76,0.23,87,1,0,1,1,77.04,36.82,6.535185,-0.02,-2.72,-0.010292,46,84,19,71,94,PPE_Violation,10,94,PPE_Violation,18,1,1,53.77731864,2,62.8,Low,1,1,3
92,W002,42,2024-01-01 18:30:00,10.5,315,-41,-71,0,6.549901,72.91,36.79,3.78,15,74,0.23,86,1,0,1,1,74.32,36.8,6.524893,-0.01,-1.41,0.025008,47,85,18,72,97,PPE_Violation,5,97,PPE_Violation,18,1,1,81.98780397,2,63.8,Low,1,1,3
93,W002,43,2024-01-01 18:45:00,10.75,322,-25,-68,19,6.545815,75.06,36.76,3.59,13,75,0.16,84,1,0,1,1,72.91,36.79,6.549901,-0.03,2.15,-0.004086,61,84,17,76,98,PPE_Violation,3,98,PPE_Violation,18,1,1,74.89993324,2,67.2,Low,1,1,3
94,W002,44,2024-01-01 19:00:00,11,330,-16,-57,-49,6.537167,75.54,36.8,3.65,14,75,0.39,86,1,0,1,1,75.06,36.76,6.545815,0.04,0.48,-0.008648,88,85,18,86,99,PPE_Violation,1,99,PPE_Violation,19,1,1,76.85050423,2,75.2,Low,1,1,3
95,W002,45,2024-01-01 19:15:00,11.25,337,-7,-71,-33,6.534937,75.22,36.72,3.66,15,73,0.34,87,1,0,1,1,75.54,36.8,6.537167,-0.08,-0.32,-0.00223,50,87,18,75,99,PPE_Violation,1,99,PPE_Violation,19,1,1,78.6066155,2,65.8,Low,1,1,3
96,W002,46,2024-01-01 19:30:00,11.5,345,-6,-76,39,6.555529,75.35,36.76,3.91,15,76,0.15,88,1,0,1,1,75.22,36.72,6.534937,0.04,0.13,0.020592,88,89,19,88,99,PPE_Violation,1,99,PPE_Violation,19,1,1,85.63293759,2,76.6,Low,1,1,3
97,W002,47,2024-01-01 19:45:00,11.75,352,-1,-71,47,6.558161,77.43,36.79,3.74,15,79,0.15,86,1,0,1,1,75.35,36.76,6.555529,0.03,2.08,0.002632,92,87,18,89,99,PPE_Violation,1,99,PPE_Violation,19,1,1,85.15280383,2,77,Low,1,1,3
98,W002,48,2024-01-01 20:00:00,12,360,9,-41,15,6.543596,72.74,36.77,4.15,15,81,0.13,87,1,0,1,1,77.43,36.79,6.558161,-0.02,-4.69,-0.014565,54,90,20,80,99,PPE_Violation,1,99,PPE_Violation,20,1,1,44.57577818,2,68.6,Low,1,1,3
99,W002,49,2024-01-01 20:15:00,12.25,367,-48,-65,48,6.534835,76.03,36.75,3.63,15,75,0.16,88,1,0,1,1,72.74,36.77,6.543596,-0.02,3.29,-0.008761,74,90,18,86,99,PPE_Violation,1,99,PPE_Violation,20,1,1,93.9840412,2,73.4,Low,1,1,3
100,W002,50,2024-01-01 20:30:00,12.5,375,-61,-55,13,6.536355,71.68,36.84,4.36,14,71,0.26,87,1,0,1,1,76.03,36.75,6.534835,0.09,-4.35,0.00152,99,99,21,98,99,Heat_Stress,1,99,PPE_Violation,20,1,1,83.156479,2,83.2,Low,1,0,3
101,W003,1,2024-01-01 8:15:00,0.25,7,-26,-73,-10,6.62666,79.98,36.46,2.03,19,84,0.02,87,1,1,1,1,79.33,36.47,6.643165,-0.0058,0.6489,-0.016505,4,25,10,13,6,Worker_Fatigue,0,0,Normal,8,1,1,78.13449942,3,11.6,Low,2,2,2
102,W003,2,2024-01-01 8:30:00,0.5,15,-49,-46,-6,6.638488,76.74,36.5,2.15,18,84,0.21,85,1,1,1,1,79.98,36.46,6.62666,0.04,-3.24,0.011828,38,27,10,25,9,Worker_Fatigue,0,0,Normal,8,1,1,67.47592163,3,21.8,Low,2,2,2
103,W003,3,2024-01-01 8:45:00,0.75,22,-7,-56,36,6.634781,80.63,36.42,2.22,19,86,0.3,86,1,1,1,1,76.74,36.5,6.638488,-0.08,3.89,-0.003707,26,27,11,22,10,Worker_Fatigue,0,0,Normal,8,1,1,66.94027188,3,19.2,Low,2,2,2
104,W003,4,2024-01-01 9:00:00,1,30,-51,-59,-45,6.642449,78.81,36.46,2.15,17,85,0.26,86,1,1,1,1,80.63,36.42,6.634781,0.04,-1.82,0.007668,40,28,10,27,13,Heat_Stress,108,40,Normal,9,1,1,90.03888049,3,23.6,Low,2,0,2
105,W003,5,2024-01-01 9:15:00,1.25,37,-77,-67,20,6.641829,79.61,36.48,2.42,20,79,0.13,87,1,1,1,1,78.81,36.46,6.642449,0.02,0.8,-0.00062,28,34,12,26,16,Worker_Fatigue,0,0,Normal,9,1,1,104.0096149,3,23.2,Low,2,2,2
106,W003,6,2024-01-01 9:30:00,1.5,45,5,-52,0,6.636927,80.56,36.43,2.62,17,83,0.27,87,1,1,1,1,79.61,36.48,6.641829,-0.05,0.95,-0.004902,12,35,13,23,17,Worker_Fatigue,0,0,Normal,9,1,1,52.23983155,3,20,Low,2,2,2
107,W003,7,2024-01-01 9:45:00,1.75,52,-20,-64,15,6.638676,81.26,36.48,2.29,18,83,0.11,87,1,1,1,1,80.56,36.43,6.636927,0.05,0.7,0.001749,57,33,11,36,19,Heat_Stress,77,57,Normal,9,1,1,68.70953355,3,31.2,Low,2,0,2
108,W003,8,2024-01-01 10:00:00,2,60,0,-63,-17,6.642524,79.94,36.44,2.39,17,84,0.33,87,1,1,1,0,81.26,36.48,6.638676,-0.04,-1.32,0.003848,9,35,11,22,21,Worker_Fatigue,0,0,Normal,10,1,1,65.2533524,2,19.6,Low,2,2,2
109,W003,9,2024-01-01 10:15:00,2.25,67,-79,-67,-13,6.65038,81.42,36.48,2.49,17,85,0.21,85,1,1,1,0,79.94,36.44,6.642524,0.04,1.48,0.007856,54,36,12,37,23,Heat_Stress,82,54,Normal,10,1,1,104.3982758,2,32.4,Low,2,0,2
110,W003,10,2024-01-01 10:30:00,2.5,75,-24,-61,-12,6.633251,82.52,36.44,1.97,16,81,0.33,88,1,1,1,0,81.42,36.48,6.65038,-0.04,1.1,-0.017129,17,35,9,25,26,Worker_Fatigue,0,0,Unauthorized_Access,10,1,1,66.64082833,2,22.4,Low,2,2,4
111,W003,11,2024-01-01 10:45:00,2.75,82,-31,-55,26,6.638623,79.45,36.5,2.44,15,80,0.32,85,1,1,1,0,82.52,36.44,6.633251,0.06,-3.07,0.005372,66,40,12,43,29,Heat_Stress,61,66,Unauthorized_Access,10,1,1,68.27884006,2,38,Low,2,0,4
112,W003,12,2024-01-01 11:00:00,3,90,-36,-69,-21,6.650754,80.52,36.49,2.54,17,82,0.14,86,1,1,1,0,79.45,36.5,6.638623,-0.01,1.07,0.012131,19,41,12,30,30,Worker_Fatigue,106,41,Unauthorized_Access,11,1,1,80.61017306,2,26.4,Low,2,2,4
113,W003,13,2024-01-01 11:15:00,3.25,97,-69,-72,18,6.624044,81.27,36.45,2.6,17,85,0.15,85,1,1,1,0,80.52,36.49,6.650754,-0.04,0.75,-0.02671,19,41,13,31,32,Worker_Fatigue,106,41,Unauthorized_Access,11,1,1,101.3360745,2,27.2,Low,2,2,4
114,W003,14,2024-01-01 11:30:00,3.5,105,-7,-57,-45,6.637151,79.54,36.43,2.62,17,79,0.2,87,1,1,1,0,81.27,36.45,6.624044,-0.02,-1.73,0.013107,15,45,13,32,36,Worker_Fatigue,99,45,Unauthorized_Access,11,1,1,72.95889254,2,28.2,Low,2,2,4
115,W003,15,2024-01-01 11:45:00,3.75,112,-43,-46,40,6.655227,80.28,36.47,2.68,17,81,0.24,85,1,1,1,0,79.54,36.43,6.637151,0.04,0.74,0.018076,57,45,13,45,37,Heat_Stress,77,57,Unauthorized_Access,11,1,1,74.59892761,2,39.4,Low,2,0,4
116,W003,16,2024-01-01 12:00:00,4,120,-23,-61,8,6.635981,76.84,36.44,2.82,18,81,0.15,87,1,1,1,0,80.28,36.47,6.655227,-0.03,-3.44,-0.019246,18,48,14,35,39,Worker_Fatigue,93,48,Unauthorized_Access,12,1,1,65.68104749,2,30.8,Low,2,2,4
117,W003,17,2024-01-01 12:15:00,4.25,127,-44,-56,0,6.639624,80.38,36.44,2.77,18,84,0.08,87,1,1,1,0,76.84,36.44,6.635981,0,3.54,0.003643,40,47,13,41,40,Worker_Fatigue,95,47,Unauthorized_Access,12,1,1,71.21797526,2,36.2,Low,2,2,4
118,W003,18,2024-01-01 12:30:00,4.5,135,-72,-44,-30,6.659942,77.72,36.51,2.61,18,82,0.17,86,1,1,1,0,80.38,36.44,6.639624,0.07,-2.66,0.020318,83,47,13,55,43,Heat_Stress,30,83,Unauthorized_Access,12,1,1,89.55445271,2,48.2,Low,2,0,4
119,W003,19,2024-01-01 12:45:00,4.75,142,-31,-44,15,6.637299,77.13,36.44,2.72,16,79,0.15,87,1,1,1,0,77.72,36.51,6.659942,-0.07,-0.59,-0.022643,21,51,13,38,46,Worker_Fatigue,88,51,Unauthorized_Access,12,1,1,55.87486018,2,33.8,Low,2,2,4
120,W003,20,2024-01-01 13:00:00,5,150,-29,-41,-32,6.655442,75.34,36.48,2.56,17,84,0.14,86,1,1,1,0,77.13,36.44,6.637299,0.04,-1.79,0.018143,58,48,12,49,47,Heat_Stress,75,58,Unauthorized_Access,13,1,1,59.54829972,2,42.8,Low,2,0,4
121,W003,21,2024-01-01 13:15:00,5.25,157,-8,-42,-26,6.634015,77.35,36.48,2.86,16,83,0.31,85,1,1,1,0,75.34,36.48,6.655442,0,2.01,-0.021427,35,52,14,44,49,Worker_Fatigue,86,52,Unauthorized_Access,13,1,1,50.03998401,2,38.8,Low,2,2,4
122,W003,22,2024-01-01 13:30:00,5.5,165,-68,-46,28,6.655296,77.15,36.46,2.91,17,85,0.22,86,1,1,1,0,77.35,36.48,6.634015,-0.02,-0.2,0.021281,24,52,14,41,51,Worker_Fatigue,86,52,Unauthorized_Access,13,1,1,86.74099377,2,36.4,Low,2,2,4
123,W003,23,2024-01-01 13:45:00,5.75,172,-39,-55,1,6.636122,77.19,36.44,2.87,17,80,0.13,85,1,1,1,0,77.15,36.46,6.655296,-0.02,0.04,-0.019174,26,55,14,44,54,Worker_Fatigue,81,55,Unauthorized_Access,13,1,1,67.43144667,2,38.6,Low,2,2,4
124,W003,24,2024-01-01 14:00:00,6,180,-8,-67,-41,6.643983,79.32,36.49,2.94,16,82,0.22,87,1,1,1,0,77.19,36.44,6.636122,0.05,2.13,0.007861,84,56,14,62,56,Heat_Stress,28,84,Unauthorized_Access,14,1,1,78.95568377,2,54.4,Low,2,0,4
125,W003,25,2024-01-01 14:15:00,6.25,187,-2,-43,-1,6.632799,76.96,36.46,3.26,16,80,0.18,87,1,1,1,0,79.32,36.49,6.643983,-0.03,-2.36,-0.011184,28,61,16,48,59,Worker_Fatigue,70,61,Unauthorized_Access,14,1,1,43.05810028,2,42.4,Low,2,2,4
126,W003,26,2024-01-01 14:30:00,6.5,195,-77,-74,46,6.643269,82.11,36.48,2.78,16,77,0.15,86,1,1,1,0,76.96,36.46,6.632799,0.02,5.15,0.01047,78,59,13,62,62,Heat_Stress,39,78,Unauthorized_Access,14,1,1,116.2798349,2,54.8,Low,2,0,4
127,W003,27,2024-01-01 14:45:00,6.75,202,-60,-55,15,6.625141,80.35,36.47,2.95,16,73,0.22,86,1,1,1,0,82.11,36.48,6.643269,-0.01,-1.76,-0.018128,30,64,14,50,65,PPE_Violation,63,65,Unauthorized_Access,14,1,1,82.76472679,2,44.6,Low,2,1,4
128,W003,28,2024-01-01 15:00:00,7,210,-34,-40,31,6.644652,78.9,36.51,3.05,16,78,0.17,87,1,1,1,0,80.35,36.47,6.625141,0.04,-1.45,0.019511,67,63,15,62,66,Heat_Stress,59,67,Unauthorized_Access,15,1,1,60.9672043,2,54.6,Low,2,0,4
129,W003,29,2024-01-01 15:15:00,7.25,217,-62,-65,-8,6.64816,76.26,36.49,3.62,16,77,0.19,87,1,1,1,0,78.9,36.51,6.644652,-0.02,-2.64,0.003508,32,69,18,55,68,Worker_Fatigue,55,69,Unauthorized_Access,15,1,1,90.18314698,2,48.4,Low,2,2,4
130,W003,30,2024-01-01 15:30:00,7.5,225,-78,-70,47,6.6374,80.41,36.49,2.68,16,77,0.08,87,1,1,1,0,76.26,36.49,6.64816,0,4.15,-0.01076,58,62,13,59,70,PPE_Violation,54,70,Unauthorized_Access,15,1,1,114.8607853,2,52.4,Low,2,1,4
131,W003,31,2024-01-01 15:45:00,7.75,232,-37,-64,-10,6.623563,77.34,36.46,3.65,16,76,0.29,86,1,1,1,0,80.41,36.49,6.6374,-0.03,-3.07,-0.013837,34,72,18,58,73,PPE_Violation,48,73,Unauthorized_Access,15,1,1,74.59892761,2,51,Low,2,1,4
132,W003,32,2024-01-01 16:00:00,8,240,-76,-43,-3,6.636474,82.27,36.46,3.49,17,77,0.25,86,1,1,1,0,77.34,36.46,6.623563,0,4.93,0.012911,65,71,17,67,74,PPE_Violation,46,74,Unauthorized_Access,16,1,1,87.37276464,2,58.8,Low,2,1,4
133,W003,33,2024-01-01 16:15:00,8.25,247,-13,-59,18,6.64593,82.15,36.5,3.48,16,77,0.1,87,1,1,1,0,82.27,36.46,6.636474,0.04,-0.12,0.009456,73,72,17,70,76,PPE_Violation,43,76,Unauthorized_Access,16,1,1,63.03967005,2,61.6,Low,2,1,4
134,W003,34,2024-01-01 16:30:00,8.5,255,-64,-76,16,6.629694,78.6,36.47,3.17,15,80,0.12,87,1,1,1,0,82.15,36.5,6.64593,-0.03,-3.55,-0.016236,38,69,15,59,78,PPE_Violation,39,78,Unauthorized_Access,16,1,1,100.637965,2,51.8,Low,2,1,4
135,W003,35,2024-01-01 16:45:00,8.75,262,-10,-54,3,6.649236,77.77,36.49,3.66,15,75,0.22,86,1,1,1,0,78.6,36.47,6.629694,0.02,-0.83,0.019542,57,76,18,68,81,PPE_Violation,34,81,Unauthorized_Access,16,1,1,55,2,60,Low,2,1,4
136,W003,36,2024-01-01 17:00:00,9,270,-68,-66,42,6.643735,78.04,36.49,3.49,16,80,0.24,88,1,1,1,0,77.77,36.49,6.649236,0,0.27,-0.005501,42,73,17,63,82,PPE_Violation,32,82,Unauthorized_Access,17,1,1,103.6532682,2,55.4,Low,2,1,4
137,W003,37,2024-01-01 17:15:00,9.25,277,-62,-44,14,6.625788,78.14,36.43,3.09,15,78,0.16,86,1,1,1,0,78.04,36.49,6.643735,-0.06,0.1,-0.017947,42,72,15,62,85,PPE_Violation,27,85,Unauthorized_Access,17,1,1,77.30459236,2,55.2,Low,2,1,4
138,W003,38,2024-01-01 17:30:00,9.5,285,-10,-53,-32,6.641494,81.05,36.45,3.58,17,76,0.24,87,1,1,1,0,78.14,36.43,6.625788,0.02,2.91,0.015706,78,78,17,77,87,PPE_Violation,23,87,Unauthorized_Access,17,1,1,62.71363488,2,67.4,Low,2,1,4
139,W003,39,2024-01-01 17:45:00,9.75,292,-4,-50,4,6.642221,79.98,36.47,3.54,16,78,0.2,85,1,1,1,0,81.05,36.45,6.641494,0.02,-1.07,0.000727,61,78,17,72,89,PPE_Violation,19,89,Unauthorized_Access,17,1,1,50.3189825,2,63.4,Low,2,1,4
140,W003,40,2024-01-01 18:00:00,10,300,-65,-61,-49,6.64882,79.81,36.54,3.25,15,78,0.3,87,1,1,1,0,79.98,36.47,6.642221,0.07,-0.17,0.006599,99,77,16,83,91,Heat_Stress,1,99,Unauthorized_Access,18,1,1,101.7202045,2,73.2,Low,2,0,4
141,W003,41,2024-01-01 18:15:00,10.25,307,-63,-65,28,6.656045,80.99,36.44,3.56,14,77,0.26,88,1,1,1,0,79.81,36.54,6.64882,-0.1,1.18,0.007225,53,80,17,71,93,PPE_Violation,12,93,Unauthorized_Access,18,1,1,94.75230868,2,62.8,Low,2,1,4
142,W003,42,2024-01-01 18:30:00,10.5,315,-52,-44,49,6.635316,79.06,36.47,3.81,15,76,0.13,86,1,1,1,0,80.99,36.44,6.656045,0.03,-1.93,-0.020729,74,84,19,80,96,PPE_Violation,7,96,Unauthorized_Access,18,1,1,83.91066678,2,70.6,Low,2,1,4
143,W003,43,2024-01-01 18:45:00,10.75,322,-79,-55,-14,6.649056,77.7,36.4,3.79,16,73,0.33,86,1,1,1,0,79.06,36.47,6.635316,-0.07,-1.36,0.01374,48,86,18,73,99,PPE_Violation,1,99,Unauthorized_Access,18,1,1,97.27281223,2,64.8,Low,2,1,4
144,W003,44,2024-01-01 19:00:00,11,330,-19,-47,-23,6.637523,78.23,36.54,3.8,17,79,0.36,88,1,1,1,0,77.7,36.4,6.649056,0.14,0.53,-0.011533,99,84,19,89,99,Heat_Stress,1,99,Unauthorized_Access,19,1,1,55.66866264,2,78,Low,2,0,4
145,W003,45,2024-01-01 19:15:00,11.25,337,-66,-66,-6,6.654324,79.32,36.51,3.67,15,77,0.02,87,1,1,1,0,78.23,36.54,6.637523,-0.03,1.09,0.016801,57,85,18,77,99,PPE_Violation,1,99,Unauthorized_Access,19,1,1,93.53074361,2,67.2,Low,2,1,4
146,W003,46,2024-01-01 19:30:00,11.5,345,-69,-63,33,6.658299,79.17,36.46,3.97,17,73,0.3,87,1,1,1,0,79.32,36.51,6.654324,-0.05,-0.15,0.003975,51,91,19,78,99,PPE_Violation,1,99,Unauthorized_Access,19,1,1,99.09086739,2,67.6,Low,2,1,4
147,W003,47,2024-01-01 19:45:00,11.75,352,-33,-68,44,6.630632,81.73,36.41,3.95,14,72,0.16,87,1,1,1,0,79.17,36.46,6.658299,-0.05,2.56,-0.027667,68,92,19,84,99,PPE_Violation,1,99,Unauthorized_Access,19,1,1,87.45856162,2,72.4,Low,2,1,4
148,W003,48,2024-01-01 20:00:00,12,360,-40,-50,26,6.648301,78.4,36.42,3.81,12,73,0.2,88,1,1,1,0,81.73,36.41,6.630632,0.01,-3.33,0.017669,63,91,19,83,99,PPE_Violation,1,99,Unauthorized_Access,20,1,1,69.10861017,2,71,Low,2,1,4
149,W003,49,2024-01-01 20:15:00,12.25,367,-57,-43,-25,6.647118,80.04,36.43,3.85,15,75,0.12,86,1,1,1,0,78.4,36.42,6.648301,0.01,1.64,-0.001183,73,92,19,87,99,PPE_Violation,1,99,Unauthorized_Access,20,1,1,75.65051223,2,74,Low,2,1,4
150,W003,50,2024-01-01 20:30:00,12.5,375,-48,-44,-47,6.658092,81.16,36.44,3.95,14,74,0.01,87,1,1,1,0,80.04,36.43,6.647118,0.01,1.12,0.010974,71,94,19,87,99,PPE_Violation,1,99,Unauthorized_Access,20,1,1,80.30566605,2,74,Low,2,1,4
151,W004,1,2024-01-01 8:15:00,0.25,7,-25,-66,-38,6.625976,77.39,36.92,1.82,16,85,0.35,86,1,1,1,1,78.64,36.88,6.612034,0.0383,-1.2479,0.013942,35,23,9,22,6,Worker_Fatigue,0,0,Normal,8,1,1,80.15609771,3,19,Low,3,2,2
152,W004,2,2024-01-01 8:30:00,0.5,15,-16,-58,-41,6.630363,80.2,36.97,2.05,20,86,0.27,86,1,1,1,1,77.39,36.92,6.625976,0.05,2.81,0.004387,64,25,10,32,8,Heat_Stress,64,64,Normal,8,1,1,72.8079666,3,27.8,Low,3,0,2
153,W004,3,2024-01-01 8:45:00,0.75,22,-74,-59,30,6.634399,80.33,36.93,2.39,16,78,0.36,88,1,1,1,1,80.2,36.97,6.630363,-0.04,0.13,0.004036,4,33,11,18,12,Worker_Fatigue,0,0,Normal,8,1,1,99.28242543,3,15.6,Low,3,2,2
154,W004,4,2024-01-01 9:00:00,1,30,-33,-71,37,6.629749,82.07,37.1,2.4,17,81,0.42,85,1,1,1,1,80.33,36.93,6.634399,0.17,1.74,-0.00465,99,32,12,46,14,Heat_Stress,1,99,Normal,9,1,1,86.59676668,3,40.6,Low,3,0,2
155,W004,5,2024-01-01 9:15:00,1.25,37,-6,-64,27,6.650865,83.7,37.1,2.33,20,82,0.33,85,1,1,1,1,82.07,37.1,6.629749,0,1.63,0.021116,15,32,11,22,15,Worker_Fatigue,0,0,Normal,9,1,1,69.72087205,3,19,Low,3,2,2
156,W004,6,2024-01-01 9:30:00,1.5,45,-32,-73,19,6.651659,82.49,37.23,2.69,17,84,0.38,86,1,1,1,1,83.7,37.1,6.650865,0.13,-1.21,0.000794,99,35,13,49,17,Heat_Stress,1,99,Normal,9,1,1,81.9390017,3,42.6,Low,3,0,2
157,W004,7,2024-01-01 9:45:00,1.75,52,-72,-44,30,6.650686,85.37,37.31,2.41,17,79,0.51,85,1,1,1,1,82.49,37.23,6.651659,0.08,2.88,-0.000973,97,36,12,49,21,Heat_Stress,5,97,Normal,9,1,1,89.55445271,3,43,Low,3,0,2
158,W004,8,2024-01-01 10:00:00,2,60,-78,-57,2,6.662684,88.22,37.33,2.55,18,83,0.18,86,1,1,1,1,85.37,37.31,6.650686,0.02,2.85,0.011998,44,36,12,34,22,Heat_Stress,100,44,Normal,10,1,1,96.62815325,3,29.6,Low,3,0,2
159,W004,9,2024-01-01 10:15:00,2.25,67,-16,-67,-2,6.667977,89.41,37.4,2.56,16,81,0.32,87,1,1,1,1,88.22,37.33,6.662684,0.07,1.19,0.005293,80,38,12,46,24,Heat_Stress,36,80,Normal,10,1,1,68.91298862,3,40,Low,3,0,2
160,W004,10,2024-01-01 10:30:00,2.5,75,-5,-75,-26,6.671122,89.39,37.49,2.25,17,79,0.35,85,1,1,1,1,89.41,37.4,6.667977,0.09,-0.02,0.003145,92,38,11,50,27,Heat_Stress,14,92,Normal,10,1,1,79.5361553,3,43.6,Low,3,0,2
161,W004,11,2024-01-01 10:45:00,2.75,82,-37,-40,13,6.694187,90.15,37.46,2.71,18,81,0.4,85,1,1,1,1,89.39,37.49,6.671122,-0.03,0.76,0.023065,16,42,13,29,28,Worker_Fatigue,104,42,Normal,10,1,1,56.0178543,3,25.6,Low,3,2,2
162,W004,12,2024-01-01 11:00:00,3,90,-22,-52,1,6.69598,92.4,37.52,2.62,17,78,0.25,86,1,1,1,1,90.15,37.46,6.694187,0.06,2.25,0.001793,81,43,13,50,32,Heat_Stress,34,81,Normal,11,1,1,56.47123161,3,43.8,Low,3,0,2
163,W004,13,2024-01-01 11:15:00,3.25,97,-56,-43,17,6.695173,91.44,37.58,2.95,17,79,0.36,87,1,1,1,1,92.4,37.52,6.69598,0.06,-0.96,-0.000807,68,47,14,48,33,Heat_Stress,57,68,Normal,11,1,1,72.62231062,3,42,Low,3,0,2
164,W004,14,2024-01-01 11:30:00,3.5,105,-70,-63,-45,6.678985,92.59,37.67,2.52,17,78,0.33,85,1,1,1,1,91.44,37.58,6.695173,0.09,1.15,-0.016188,99,45,12,57,36,Heat_Stress,1,99,Normal,11,1,1,104.3743263,3,49.8,Low,3,0,2
165,W004,15,2024-01-01 11:45:00,3.75,112,-78,-41,22,6.709128,95.64,37.73,2.96,16,78,0.37,86,1,1,1,1,92.59,37.67,6.678985,0.06,3.05,0.030143,89,49,14,56,38,Heat_Stress,19,89,Normal,11,1,1,90.82400564,3,49.2,Low,3,0,2
166,W004,16,2024-01-01 12:00:00,4,120,-58,-79,-3,6.714627,97.57,37.76,3.04,15,77,0.21,85,1,1,1,1,95.64,37.73,6.709128,0.03,1.93,0.005499,56,51,15,48,40,Heat_Stress,79,56,Normal,12,1,1,98.05100713,3,42,Low,3,0,2
167,W004,17,2024-01-01 12:15:00,4.25,127,-8,-78,8,6.703497,98.54,37.77,2.98,18,78,0.29,85,1,1,1,1,97.57,37.76,6.714627,0.01,0.97,-0.01113,33,51,14,41,42,Worker_Fatigue,88,51,Normal,12,1,1,78.81624198,3,36.2,Low,3,2,2
168,W004,18,2024-01-01 12:30:00,4.5,135,-41,-67,-6,6.723509,97.34,37.89,3.49,16,76,0.37,88,1,1,1,1,98.54,37.77,6.703497,0.12,-1.2,0.020012,99,57,17,64,45,Heat_Stress,1,99,Normal,12,1,1,78.77816956,3,56.4,Low,3,0,2
169,W004,19,2024-01-01 12:45:00,4.75,142,-58,-59,-39,6.724659,100.3,38,3.52,17,78,0.46,86,1,1,1,1,97.34,37.89,6.723509,0.11,2.96,0.00115,99,58,17,65,46,Heat_Stress,1,99,Normal,12,1,1,91.46584062,3,57,Low,3,0,2
170,W004,20,2024-01-01 13:00:00,5,150,-73,-69,-13,6.736276,100.25,37.91,3.43,16,77,0.53,85,1,1,1,1,100.3,38,6.724659,-0.09,-0.05,0.011617,22,58,17,43,49,Worker_Fatigue,75,58,Normal,13,1,1,101.2867217,3,37.8,Low,3,2,2
171,W004,21,2024-01-01 13:15:00,5.25,157,-61,-59,-49,6.733741,100.82,38.06,3.33,15,71,0.15,86,1,1,1,1,100.25,37.91,6.736276,0.15,0.57,-0.002535,99,62,16,68,53,Heat_Stress,1,99,Normal,13,1,1,97.99489783,3,59.6,Low,3,0,2
172,W004,22,2024-01-01 13:30:00,5.5,165,-24,-75,-15,6.748835,104.46,38.09,4.09,15,74,0.22,85,1,1,1,1,100.82,38.06,6.733741,0.03,3.64,0.015094,73,67,20,63,54,Heat_Stress,48,73,Normal,13,1,1,80.1623353,3,55.4,Low,3,0,2
173,W004,23,2024-01-01 13:45:00,5.75,172,1,-51,10,6.769046,105.55,38.17,3.6,14,72,0.12,83,1,1,1,1,104.46,38.09,6.748835,0.08,1.09,0.020211,99,65,18,70,57,Heat_Stress,1,99,Normal,13,1,1,51.98076567,3,61.8,Low,3,0,2
174,W004,24,2024-01-01 14:00:00,6,180,-46,-75,-8,6.757482,106.42,38.2,3.56,15,71,0.22,82,1,1,1,1,105.55,38.17,6.769046,0.03,0.87,-0.011564,59,66,17,59,59,Worker_Fatigue,61,66,Normal,14,1,1,88.34591105,3,52,Low,3,2,2
175,W004,25,2024-01-01 14:15:00,6.25,187,-26,-79,13,6.759785,105.94,38.28,3.62,15,72,0.19,86,1,1,1,1,106.42,38.2,6.757482,0.08,-0.48,0.002303,99,67,18,72,61,Heat_Stress,1,99,Normal,14,1,1,84.17838202,3,63.4,Low,3,0,2
176,W004,26,2024-01-01 14:30:00,6.5,195,-36,-56,-45,6.771849,107.55,38.37,3.95,14,72,0.13,84,1,1,1,1,105.94,38.28,6.759785,0.09,1.61,0.012064,99,71,19,74,63,Heat_Stress,1,99,Normal,14,1,1,80.3554603,3,65.2,Low,3,0,2
177,W004,27,2024-01-01 14:45:00,6.75,202,-19,-68,-19,6.786691,108.58,38.35,3.72,15,73,0.24,86,1,1,1,1,107.55,38.37,6.771849,-0.02,1.03,0.014842,36,70,18,55,65,Worker_Fatigue,54,70,Normal,14,1,1,73.11634564,3,48.8,Low,3,2,2
178,W004,28,2024-01-01 15:00:00,7,210,-25,-51,18,6.785314,109.04,38.51,4.06,14,67,0.12,85,1,1,1,1,108.58,38.35,6.786691,0.16,0.46,-0.001377,99,76,20,78,69,Heat_Stress,1,99,Normal,15,1,1,59.58187644,3,68.4,Low,3,0,2
179,W004,29,2024-01-01 15:15:00,7.25,217,-49,-77,-9,6.774977,108.9,38.49,3.99,15,69,0.43,86,1,1,1,1,109.04,38.51,6.785314,-0.02,-0.14,-0.010337,32,76,19,58,70,Worker_Fatigue,43,76,Normal,15,1,1,91.71150419,3,51,Low,3,2,2
180,W004,30,2024-01-01 15:30:00,7.5,225,-77,-59,46,6.775745,113.3,38.51,4.35,14,73,0.3,83,1,1,1,1,108.9,38.49,6.774977,0.02,4.4,0.000768,78,78,21,73,71,Heat_Stress,39,78,Normal,15,1,1,107.3592101,3,64.2,Low,3,0,2
181,W004,31,2024-01-01 15:45:00,7.75,232,-69,-41,-18,6.79715,112.08,38.61,4.1,16,68,0.36,84,1,1,1,1,113.3,38.51,6.775745,0.1,-1.22,0.021405,99,79,20,80,75,Heat_Stress,1,99,Normal,15,1,1,82.25569889,3,70.6,Low,3,0,2
182,W004,32,2024-01-01 16:00:00,8,240,-31,-49,33,6.788637,114.2,38.71,3.94,12,70,0.32,83,1,1,1,1,112.08,38.61,6.79715,0.1,2.12,-0.008513,99,78,19,80,77,Heat_Stress,1,99,Normal,16,1,1,66.71581522,3,70.6,Low,3,0,2
183,W004,33,2024-01-01 16:15:00,8.25,247,-27,-74,-5,6.802156,112.24,38.71,4.19,14,68,0.1,85,1,1,1,1,114.2,38.71,6.788637,0,-1.96,0.013519,37,82,20,64,79,Worker_Fatigue,32,82,Normal,16,1,1,78.93034904,3,56.4,Low,3,2,2
184,W004,34,2024-01-01 16:30:00,8.5,255,-76,-60,4,6.818952,115.73,38.88,4.56,15,71,0.26,83,1,1,1,1,112.24,38.71,6.802156,0.17,3.49,0.016796,99,84,22,84,80,Heat_Stress,1,99,Normal,16,1,1,96.91233152,3,73.8,Low,3,0,2
185,W004,35,2024-01-01 16:45:00,8.75,262,-55,-44,44,6.832891,117.52,38.86,4.47,14,68,0.33,83,1,1,1,1,115.73,38.88,6.818952,-0.02,1.79,0.013939,50,86,22,71,83,Worker_Fatigue,25,86,Normal,16,1,1,83.04817879,3,62.4,Low,3,2,2
186,W004,36,2024-01-01 17:00:00,9,270,-61,-49,-11,6.827899,118.05,38.85,4.6,15,67,0.16,83,1,1,1,1,117.52,38.86,6.832891,-0.01,0.53,-0.004992,43,89,23,71,86,Worker_Fatigue,19,89,Normal,17,1,1,79.01265721,3,62.4,Low,3,2,2
187,W004,37,2024-01-01 17:15:00,9.25,277,-28,-41,-29,6.844594,116.13,39.08,4.63,14,66,0.35,84,1,1,1,1,118.05,38.85,6.827899,0.23,-1.92,0.016695,99,91,23,89,88,Heat_Stress,1,99,Normal,17,1,1,57.49782605,3,78,Low,3,0,2
188,W004,38,2024-01-01 17:30:00,9.5,285,-14,-52,-36,6.838681,122.19,39,4.86,14,70,0.5,83,1,1,1,1,116.13,39.08,6.844594,-0.08,6.06,-0.005913,79,91,24,83,89,Worker_Fatigue,16,91,Heat_Stress,17,1,1,64.77653896,3,73.2,Low,3,2,1
189,W004,39,2024-01-01 17:45:00,9.75,292,-13,-74,25,6.839766,120.08,39.01,4.9,14,67,0.37,84,1,1,1,1,122.19,39,6.838681,0.01,-2.11,0.001085,52,94,24,77,92,Worker_Fatigue,10,94,Heat_Stress,17,1,1,79.18333158,3,67.8,Low,3,2,1
190,W004,40,2024-01-01 18:00:00,10,300,-43,-63,-43,6.857879,123.68,39.17,4.89,14,63,0.22,83,1,1,1,1,120.08,39.01,6.839766,0.16,3.6,0.018113,99,97,24,93,96,Heat_Stress,1,99,Heat_Stress,18,1,1,87.56140702,3,81.8,Low,3,0,1
191,W004,41,2024-01-01 18:15:00,10.25,307,-75,-77,-9,6.839097,122.55,39.17,4.91,13,64,0.37,84,1,1,1,1,123.68,39.17,6.857879,0,-1.13,-0.018782,46,98,24,78,97,Worker_Fatigue,3,98,Heat_Stress,18,1,1,107.8656572,3,68.6,Low,3,2,1
192,W004,42,2024-01-01 18:30:00,10.5,315,-37,-70,14,6.872763,123.34,39.2,4.81,14,63,0.27,84,1,1,1,1,122.55,39.17,6.839097,0.03,0.79,0.033666,78,98,24,88,99,PPE_Violation,1,99,Heat_Stress,18,1,1,80.40522371,3,77.4,Low,3,1,1
193,W004,43,2024-01-01 18:45:00,10.75,322,-73,-52,-25,6.88364,126.03,39.3,4.75,13,57,0.48,84,1,1,1,1,123.34,39.2,6.872763,0.1,2.69,0.010877,99,99,23,95,99,Heat_Stress,1,99,Heat_Stress,18,1,1,93.04837452,3,83,Low,3,0,1
194,W004,44,2024-01-01 19:00:00,11,330,-35,-68,-36,6.878399,128.3,39.37,5.35,13,60,0.23,84,1,1,1,1,126.03,39.3,6.88364,0.07,2.27,-0.005241,99,99,26,96,99,Heat_Stress,1,99,Heat_Stress,19,1,1,84.52810184,3,83.8,Low,3,0,1
195,W004,45,2024-01-01 19:15:00,11.25,337,-4,-79,-25,6.873809,127.35,39.41,5.37,13,62,0.27,83,1,1,1,1,128.3,39.37,6.878399,0.04,-0.95,-0.00459,86,99,26,93,99,Worker_Fatigue,1,99,Heat_Stress,19,1,1,82.95782061,3,80.6,Low,3,2,1
196,W004,46,2024-01-01 19:30:00,11.5,345,0,-62,40,6.885304,127.95,39.5,5.06,12,63,0.4,82,1,1,1,1,127.35,39.41,6.873809,0.09,0.6,0.011495,99,99,25,97,99,Heat_Stress,1,99,Heat_Stress,19,1,1,73.78346698,3,83.8,Low,3,0,1
197,W004,47,2024-01-01 19:45:00,11.75,352,-79,-73,21,6.896687,130.92,39.51,5.17,13,56,0.44,84,1,1,1,1,127.95,39.5,6.885304,0.01,2.97,0.011383,79,99,25,91,99,Worker_Fatigue,1,99,Heat_Stress,19,1,1,109.5947079,3,78.6,Low,3,2,1
198,W004,48,2024-01-01 20:00:00,12,360,-47,-41,0,6.88948,131.73,39.57,5.57,12,61,0.26,83,1,1,1,1,130.92,39.51,6.896687,0.06,0.81,-0.007207,99,99,27,98,99,Heat_Stress,1,99,Heat_Stress,20,1,1,62.36986452,3,84.4,Low,3,0,1
199,W004,49,2024-01-01 20:15:00,12.25,367,-6,-45,-28,6.900528,130.37,39.53,5.19,12,59,0.25,84,1,1,1,1,131.73,39.57,6.88948,-0.04,-1.36,0.011048,55,99,25,85,99,Worker_Fatigue,1,99,Heat_Stress,20,1,1,53.33854141,3,72.6,Low,3,2,1
200,W004,50,2024-01-01 20:30:00,12.5,375,-21,-50,-18,6.909303,133.08,39.77,5.57,14,61,0.23,82,1,1,1,1,130.37,39.53,6.900528,0.24,2.71,0.008775,99,99,27,99,99,Heat_Stress,1,99,Heat_Stress,20,1,1,57.14017851,3,84.6,Low,3,0,1
201,W005,1,2024-01-01 8:15:00,0.25,7,-78,-75,-8,6.636857,78.8,36.61,1.24,18,83,0.08,86,1,1,1,1,78.45,36.6,6.642641,0.0124,0.3517,-0.005784,14,19,6,13,7,Worker_Fatigue,0,0,Normal,8,1,1,108.5034562,3,11.8,Low,4,2,2
202,W005,2,2024-01-01 8:30:00,0.5,15,-19,-67,27,6.672768,76.21,36.62,2.06,18,85,0.2,88,1,1,1,1,78.8,36.61,6.636857,0.01,-2.59,0.035911,11,25,10,16,8,Worker_Fatigue,0,0,Normal,8,1,1,74.69270379,3,14,Low,4,2,2
203,W005,3,2024-01-01 8:45:00,0.75,22,-46,-79,-20,6.649264,79.05,36.68,2.04,17,86,0.03,87,1,1,1,1,76.21,36.62,6.672768,0.06,2.84,-0.023504,74,26,10,36,10,Heat_Stress,46,74,Normal,8,1,1,93.57884376,3,31.2,Low,4,0,2
204,W005,4,2024-01-01 9:00:00,1,30,-74,-70,-25,6.656375,79.25,36.65,2.21,19,82,0.07,86,1,1,1,1,79.05,36.68,6.649264,-0.03,0.2,0.007111,5,30,11,17,13,Worker_Fatigue,0,0,Normal,9,1,1,104.885652,3,15.2,Low,4,2,2
205,W005,5,2024-01-01 9:15:00,1.25,37,-59,-72,-35,6.650691,80.92,36.65,2.29,17,82,0.18,86,1,1,1,1,79.25,36.65,6.656375,0,1.67,-0.005684,15,32,11,22,15,Worker_Fatigue,0,0,Normal,9,1,1,99.44847912,3,19,Low,4,2,2
206,W005,6,2024-01-01 9:30:00,1.5,45,-56,-66,41,6.649527,80.69,36.69,2.53,18,81,0.33,86,1,1,1,1,80.92,36.65,6.650691,0.04,-0.23,-0.001164,42,35,12,32,18,Heat_Stress,104,42,Normal,9,1,1,95.77577982,3,27.8,Low,4,0,2
207,W005,7,2024-01-01 9:45:00,1.75,52,-58,-59,17,6.666942,79.31,36.63,2.81,16,77,0.2,87,1,1,1,1,80.69,36.69,6.649527,-0.06,-1.38,0.017415,7,40,14,24,21,Worker_Fatigue,108,40,Normal,9,1,1,84.46300966,3,21.2,Low,4,2,2
208,W005,8,2024-01-01 10:00:00,2,60,-75,-46,48,6.664837,79.54,36.68,3.19,18,73,0.09,86,1,1,1,1,79.31,36.63,6.666942,0.05,0.23,-0.002105,55,47,15,42,25,Heat_Stress,81,55,Normal,10,1,1,100.2247474,3,36.8,Low,4,0,2
209,W005,9,2024-01-01 10:15:00,2.25,67,-23,-40,-30,6.670121,80.34,36.72,3.04,14,75,0.14,86,1,1,1,1,79.54,36.68,6.664837,0.04,0.8,0.005284,50,45,15,40,26,Heat_Stress,90,50,Normal,10,1,1,55.03635162,3,35.2,Low,4,0,2
210,W005,10,2024-01-01 10:30:00,2.5,75,-20,-73,6,6.666227,80.47,36.72,3.25,16,79,0.26,85,1,1,1,1,80.34,36.72,6.670121,0,0.13,-0.003894,12,46,16,30,27,Worker_Fatigue,97,46,Normal,10,1,1,75.92759709,3,26.2,Low,4,2,2
211,W005,11,2024-01-01 10:45:00,2.75,82,-3,-50,-40,6.681826,80.2,36.78,3.2,14,75,0.14,85,1,1,1,1,80.47,36.72,6.666227,0.06,-0.27,0.015599,66,49,16,48,30,Heat_Stress,61,66,Normal,10,1,1,64.10148204,3,41.8,Low,4,0,2
212,W005,12,2024-01-01 11:00:00,3,90,9,-78,26,6.699639,79.93,36.74,3.35,14,72,0.26,85,1,1,1,1,80.2,36.78,6.681826,-0.04,-0.27,0.017813,13,52,16,33,33,Worker_Fatigue,86,52,Normal,11,1,1,82.71033793,3,29.4,Low,4,2,2
213,W005,13,2024-01-01 11:15:00,3.25,97,-57,-57,-14,6.684116,79.18,36.71,3.63,15,72,0.3,85,1,1,1,1,79.93,36.74,6.699639,-0.03,-0.75,-0.015523,14,56,18,36,35,Worker_Fatigue,79,56,Normal,11,1,1,81.81686868,3,31.8,Low,4,2,2
214,W005,14,2024-01-01 11:30:00,3.5,105,-40,-56,1,6.684784,79.48,36.79,3.45,15,69,0.21,86,1,1,1,1,79.18,36.71,6.684116,0.08,0.3,0.000668,89,57,17,59,39,Heat_Stress,19,89,Normal,11,1,1,68.82586723,3,52.2,Low,4,0,2
215,W005,15,2024-01-01 11:45:00,3.75,112,-61,-56,-31,6.695434,80.04,36.81,3.81,14,72,0.17,82,1,1,1,1,79.48,36.79,6.684784,0.02,0.56,0.01065,38,59,19,46,40,Worker_Fatigue,73,59,Normal,11,1,1,88.41945487,3,40.4,Low,4,2,2
216,W005,16,2024-01-01 12:00:00,4,120,-10,-53,-34,6.664599,81.9,36.78,4.12,14,69,0.3,84,1,1,1,1,80.04,36.81,6.695434,-0.03,1.86,-0.030835,29,64,20,46,43,Worker_Fatigue,64,64,Normal,12,1,1,63.75735252,3,40.4,Low,4,2,2
217,W005,17,2024-01-01 12:15:00,4.25,127,-52,-70,-49,6.687913,81.28,36.83,3.72,11,68,0.14,84,1,1,1,1,81.9,36.78,6.664599,0.05,-0.62,0.023314,64,62,18,56,45,Heat_Stress,64,64,Normal,12,1,1,100.0249969,3,49,Low,4,0,2
218,W005,18,2024-01-01 12:30:00,4.5,135,-6,-72,-12,6.703305,82.01,36.78,4.52,13,62,0.3,84,1,1,1,1,81.28,36.83,6.687913,-0.05,0.73,0.015392,24,73,22,49,49,Worker_Fatigue,48,73,Normal,12,1,1,73.23933369,3,43.4,Low,4,2,2
219,W005,19,2024-01-01 12:45:00,4.75,142,-27,-41,-45,6.693657,82.95,36.77,4.61,14,68,0.24,84,1,1,1,1,82.01,36.78,6.703305,-0.01,0.94,-0.009648,26,71,23,50,49,Worker_Fatigue,52,71,Normal,12,1,1,66.59579566,3,43.8,Low,4,2,2
220,W005,20,2024-01-01 13:00:00,5,150,-46,-42,32,6.713161,82.3,36.79,4.4,13,62,0.36,87,1,1,1,1,82.95,36.77,6.693657,0.02,-0.65,0.019504,40,74,22,56,53,Worker_Fatigue,46,74,Normal,13,1,1,70.0285656,3,49,Low,4,2,2
221,W005,21,2024-01-01 13:15:00,5.25,157,-7,-72,-15,6.713802,82.89,36.88,4.84,14,64,0.17,85,1,1,1,1,82.3,36.79,6.713161,0.09,0.59,0.000641,99,77,24,75,55,Heat_Stress,1,99,Normal,13,1,1,73.87827827,3,66,Low,4,0,2
222,W005,22,2024-01-01 13:30:00,5.5,165,-9,-50,-11,6.713219,82.41,36.88,5.52,13,60,0.11,84,1,1,1,1,82.89,36.88,6.713802,0,-0.48,-0.000583,24,86,27,57,58,Worker_Fatigue,25,86,Normal,13,1,1,51.98076567,3,50.4,Low,4,2,2
223,W005,23,2024-01-01 13:45:00,5.75,172,-2,-72,30,6.719383,82.07,36.89,4.88,13,59,0.35,84,1,1,1,1,82.41,36.88,6.713219,0.01,-0.34,0.006164,34,82,24,59,61,Worker_Fatigue,32,82,Normal,13,1,1,78.02563681,3,52,Low,4,2,2
224,W005,24,2024-01-01 14:00:00,6,180,-57,-55,7,6.709853,80.13,36.92,5.08,11,59,0.28,84,1,1,1,1,82.07,36.89,6.719383,0.03,-1.94,-0.00953,54,85,25,67,63,Worker_Fatigue,27,85,Normal,14,1,1,79.51729372,3,58.8,Low,4,2,2
225,W005,25,2024-01-01 14:15:00,6.25,187,-43,-77,28,6.707617,82.52,36.88,5.17,10,59,0.3,83,1,1,1,1,80.13,36.92,6.709853,-0.04,2.39,-0.002236,42,86,25,64,65,Worker_Fatigue,25,86,Normal,14,1,1,92.53107586,3,56.4,Low,4,2,2
226,W005,26,2024-01-01 14:30:00,6.5,195,-19,-54,-30,6.709476,82.07,36.86,6.03,11,55,0.21,84,1,1,1,1,82.52,36.88,6.707617,-0.02,-0.45,0.001859,29,96,30,66,68,Worker_Fatigue,7,96,Normal,14,1,1,64.62971453,3,57.8,Low,4,2,2
227,W005,27,2024-01-01 14:45:00,6.75,202,7,-75,-9,6.720699,84.29,36.91,5.66,9,53,0.09,83,1,1,1,1,82.07,36.86,6.709476,0.05,2.22,0.011223,88,95,28,83,71,Worker_Fatigue,9,95,Normal,14,1,1,75.8617163,3,73,Low,4,2,2
228,W005,28,2024-01-01 15:00:00,7,210,-55,-68,15,6.708179,83.82,36.96,5.7,10,50,0.19,82,1,1,1,1,84.29,36.91,6.720699,0.05,-0.47,-0.01252,76,98,28,81,74,Worker_Fatigue,3,98,Normal,15,1,1,88.73556221,3,71.4,Low,4,2,2
229,W005,29,2024-01-01 15:15:00,7.25,217,-55,-79,46,6.728808,83.18,36.96,6.2,10,52,0.32,84,1,1,1,1,83.82,36.96,6.708179,0,-0.64,0.020629,32,99,31,69,75,Worker_Fatigue,1,99,Normal,15,1,1,106.6864565,3,61.2,Low,4,2,2
230,W005,30,2024-01-01 15:30:00,7.5,225,5,-75,-34,6.740829,84.06,36.92,6.76,9,48,0.28,83,1,1,1,1,83.18,36.96,6.728808,-0.04,0.88,0.012021,39,99,33,72,79,Worker_Fatigue,1,99,Normal,15,1,1,82.49848483,3,64.4,Low,4,2,2
231,W005,31,2024-01-01 15:45:00,7.75,232,-57,-61,45,6.752285,83.19,36.98,6.68,12,47,0.2,82,1,1,1,1,84.06,36.92,6.740829,0.06,-0.87,0.011456,88,99,33,88,81,Worker_Fatigue,1,99,Normal,15,1,1,94.84197383,3,77.8,Low,4,2,2
232,W005,32,2024-01-01 16:00:00,8,240,2,-62,-24,6.744287,84.69,36.97,6.31,9,48,0.22,82,1,1,1,1,83.19,36.98,6.752285,-0.01,1.5,-0.007998,45,99,31,75,83,Worker_Fatigue,1,99,Normal,16,1,1,66.51315659,3,66.6,Low,4,2,2
233,W005,33,2024-01-01 16:15:00,8.25,247,-71,-72,37,6.741799,85.41,36.98,6.75,11,50,0.26,81,1,1,1,1,84.69,36.97,6.744287,0.01,0.72,-0.002488,50,99,33,77,85,Worker_Fatigue,1,99,Normal,16,1,1,107.6754382,3,68.8,Low,4,2,2
234,W005,34,2024-01-01 16:30:00,8.5,255,-19,-76,45,6.735479,83.1,36.98,6.69,8,45,0.25,84,1,1,1,1,85.41,36.98,6.741799,0,-2.31,-0.00632,38,99,33,74,88,Worker_Fatigue,1,99,Normal,16,1,1,90.34378783,3,66.4,Low,4,2,2
235,W005,35,2024-01-01 16:45:00,8.75,262,-73,-65,42,6.733637,84.46,37.03,7.16,9,47,0.21,84,1,1,1,1,83.1,36.98,6.735479,0.05,1.36,-0.001842,92,99,35,91,90,Worker_Fatigue,1,99,Normal,16,1,1,106.3860893,3,81.4,Low,4,2,2
236,W005,36,2024-01-01 17:00:00,9,270,-23,-70,20,6.742782,85.28,37.1,6.85,9,43,0.18,83,1,1,1,1,84.46,37.03,6.733637,0.07,0.82,0.009145,99,99,34,94,93,Heat_Stress,1,99,Normal,17,1,1,76.34788799,3,83.8,Low,4,0,2
237,W005,37,2024-01-01 17:15:00,9.25,277,-35,-42,-39,6.759025,82.75,36.98,7.48,6,41,0.14,82,1,1,1,1,85.28,37.1,6.742782,-0.12,-2.53,0.016243,41,99,37,77,96,Worker_Fatigue,1,99,Normal,17,1,1,67.15653356,3,70,Low,4,2,2
238,W005,38,2024-01-01 17:30:00,9.5,285,-6,-52,-38,6.744076,84.04,37.1,7.82,8,40,0.26,82,1,1,1,1,82.75,36.98,6.759025,0.12,1.29,-0.014949,99,99,39,96,98,Heat_Stress,1,99,Worker_Fatigue,17,1,1,64.68384652,3,86.2,Low,4,0,6
239,W005,39,2024-01-01 17:45:00,9.75,292,-8,-67,41,6.760637,83.68,37.03,7.24,8,35,0.28,81,1,1,1,1,84.04,37.1,6.744076,-0.07,-0.36,0.016561,43,99,36,79,99,Worker_Fatigue,1,99,Worker_Fatigue,17,1,1,78.95568377,3,71.2,Low,4,2,6
240,W005,40,2024-01-01 18:00:00,10,300,-62,-45,17,6.7635,84.72,37.09,7.23,6,37,0.21,84,1,1,1,1,83.68,37.03,6.760637,0.06,1.04,0.002863,99,99,36,96,99,Heat_Stress,1,99,Worker_Fatigue,18,1,1,78.47292527,3,85.8,Low,4,0,6
241,W005,41,2024-01-01 18:15:00,10.25,307,-17,-70,-38,6.761747,85.18,37.09,8.54,7,34,0.12,81,1,1,1,1,84.72,37.09,6.7635,0,0.46,-0.001753,48,99,42,82,99,Worker_Fatigue,1,99,Worker_Fatigue,18,1,1,81.44323176,3,74,Low,4,2,6
242,W005,42,2024-01-01 18:30:00,10.5,315,-33,-55,-25,6.756184,86.14,37.13,8.24,5,34,0.18,80,1,1,1,1,85.18,37.09,6.761747,0.04,0.96,-0.005563,89,99,41,95,99,Worker_Fatigue,1,99,Worker_Fatigue,18,1,1,68.84039512,3,84.6,Low,4,2,6
243,W005,43,2024-01-01 18:45:00,10.75,322,-41,-58,19,6.764272,85.18,37.1,8.17,7,34,0.03,82,1,1,1,1,86.14,37.13,6.756184,-0.03,-0.96,0.008088,48,99,40,83,99,Worker_Fatigue,1,99,Worker_Fatigue,18,1,1,73.52550578,3,73.8,Low,4,2,6
244,W005,44,2024-01-01 19:00:00,11,330,-25,-75,-16,6.748284,84.62,37.14,8.54,7,34,0.12,81,1,1,1,1,85.18,37.1,6.764272,0.04,-0.56,-0.015988,85,99,42,95,99,Worker_Fatigue,1,99,Worker_Fatigue,19,1,1,80.65977932,3,84,Low,4,2,6
245,W005,45,2024-01-01 19:15:00,11.25,337,-78,-48,-43,6.772913,86.08,37.11,8.31,6,31,0.01,81,1,1,1,1,84.62,37.14,6.748284,-0.03,1.46,0.024629,59,99,41,88,99,Worker_Fatigue,1,99,Worker_Fatigue,19,1,1,101.1780609,3,77.2,Low,4,2,6
246,W005,46,2024-01-01 19:30:00,11.5,345,-4,-60,-16,6.795283,88.43,37.12,9.16,7,31,0.23,81,1,1,1,1,86.08,37.11,6.772913,0.01,2.35,0.02237,74,99,45,93,99,Worker_Fatigue,1,99,Worker_Fatigue,19,1,1,62.22539674,3,82,Low,4,2,6
247,W005,47,2024-01-01 19:45:00,11.75,352,-7,-43,-29,6.786979,85.73,37.2,8.93,6,29,0.19,79,1,1,1,1,88.43,37.12,6.795283,0.08,-2.7,-0.008304,99,99,46,99,99,Heat_Stress,1,99,Worker_Fatigue,19,1,1,52.33545643,3,88.4,Low,4,0,6
248,W005,48,2024-01-01 20:00:00,12,360,-60,-65,-12,6.780574,86.98,37.11,9.24,5,30,0.05,80,1,1,1,1,85.73,37.2,6.786979,-0.09,1.25,-0.006405,61,99,46,91,99,Worker_Fatigue,1,99,Worker_Fatigue,20,1,1,89.26925563,3,79.2,Low,4,2,6
249,W005,49,2024-01-01 20:15:00,12.25,367,-79,-47,27,6.807258,86.1,37.17,9.26,6,29,0.18,82,1,1,1,1,86.98,37.11,6.780574,0.06,-0.88,0.026684,99,99,46,99,99,Heat_Stress,1,99,Worker_Fatigue,20,1,1,95.80709786,3,88.4,Low,4,0,6
250,W005,50,2024-01-01 20:30:00,12.5,375,-67,-53,12,6.797214,85.71,37.2,9.94,5,27,0.21,81,1,1,1,1,86.1,37.17,6.807258,0.03,-0.39,-0.010044,83,99,49,99,99,Worker_Fatigue,1,99,Worker_Fatigue,20,1,1,86.2670273,3,85.8,Low,4,2,6
251,W006,1,2024-01-01 8:15:00,0.25,7,-23,-73,-2,6.544968,80.26,36.51,2.17,18,87,0.34,87,1,1,1,1,79.42,36.48,6.538995,0.0251,0.8375,0.005973,28,24,10,20,5,Worker_Fatigue,0,0,Normal,8,1,1,76.56369897,3,17.4,Low,5,2,2
252,W006,2,2024-01-01 8:30:00,0.5,15,-34,-72,-42,6.540692,77.93,36.53,2.02,16,81,0.42,86,1,1,1,1,80.26,36.51,6.544968,0.02,-2.33,-0.004276,20,27,10,19,9,Worker_Fatigue,0,0,Normal,8,1,1,90.02221948,3,17,Low,5,2,2
253,W006,3,2024-01-01 8:45:00,0.75,22,4,-54,-17,6.556103,78.33,36.55,2.54,18,81,0.24,87,1,1,1,1,77.93,36.53,6.540692,0.02,0.4,0.015411,23,32,12,23,12,Worker_Fatigue,0,0,Normal,8,1,1,56.75385449,3,20.4,Low,5,2,2
254,W006,4,2024-01-01 9:00:00,1,30,-9,-49,-31,6.544862,78.75,36.5,2.58,17,78,0.47,86,1,1,1,1,78.33,36.55,6.556103,-0.05,0.42,-0.011241,7,35,12,20,15,Worker_Fatigue,0,0,Normal,9,1,1,58.67708241,3,17.8,Low,5,2,2
255,W006,5,2024-01-01 9:15:00,1.25,37,-50,-44,38,6.548909,81.14,36.51,2.16,15,81,0.39,85,1,1,1,1,78.75,36.5,6.544862,0.01,2.39,0.004047,28,31,10,25,16,Worker_Fatigue,0,0,Normal,9,1,1,76.68115805,3,22,Low,5,2,2
256,W006,6,2024-01-01 9:30:00,1.5,45,-7,-45,49,6.558304,82.2,36.52,2.79,17,78,0.51,84,1,1,1,1,81.14,36.51,6.548909,0.01,1.06,0.009395,22,39,13,27,19,Worker_Fatigue,0,0,Normal,9,1,1,66.8954408,3,24,Low,5,2,2
257,W006,7,2024-01-01 9:45:00,1.75,52,-59,-79,26,6.566602,79.07,36.53,2.74,18,80,0.52,84,1,1,1,1,82.2,36.52,6.558304,0.01,-3.13,0.008298,16,38,13,26,20,Worker_Fatigue,0,0,Normal,9,1,1,101.970584,3,22.6,Low,5,2,2
258,W006,8,2024-01-01 10:00:00,2,60,9,-49,-5,6.581709,84.01,36.57,3.28,16,80,0.59,87,1,1,1,1,79.07,36.53,6.566602,0.04,4.94,0.015107,74,44,16,47,23,Heat_Stress,46,74,Normal,10,1,1,50.06995107,3,40.8,Low,5,0,2
259,W006,9,2024-01-01 10:15:00,2.25,67,-26,-77,-4,6.579994,79.95,36.6,2.71,14,78,0.51,86,1,1,1,1,84.01,36.57,6.581709,0.03,-4.06,-0.001715,37,41,13,34,25,Worker_Fatigue,106,41,Normal,10,1,1,81.36952747,3,30,Low,5,2,2
260,W006,10,2024-01-01 10:30:00,2.5,75,-21,-68,-34,6.584578,84.2,36.6,3.07,14,77,0.57,86,1,1,1,1,79.95,36.6,6.579994,0,4.25,0.004584,36,46,15,37,28,Worker_Fatigue,97,46,Normal,10,1,1,78.87331615,3,32.4,Low,5,2,2
261,W006,11,2024-01-01 10:45:00,2.75,82,-78,-48,10,6.588624,84.52,36.62,3.03,15,80,0.44,85,1,1,1,1,84.2,36.6,6.584578,0.02,0.32,0.004046,32,45,15,36,29,Worker_Fatigue,99,45,Normal,10,1,1,92.13034245,3,31.4,Low,5,2,2
262,W006,12,2024-01-01 11:00:00,3,90,2,-56,9,6.577192,84,36.6,3.93,15,73,0.33,85,1,1,1,1,84.52,36.62,6.588624,-0.02,-0.52,-0.011432,13,56,19,36,33,Worker_Fatigue,79,56,Normal,11,1,1,56.75385449,3,31.4,Low,5,2,2
263,W006,13,2024-01-01 11:15:00,3.25,97,-2,-44,-30,6.590256,81.61,36.58,3.34,14,74,0.39,85,1,1,1,1,84,36.6,6.577192,-0.02,-2.39,0.013064,14,52,16,34,35,Worker_Fatigue,86,52,Normal,11,1,1,53.29165038,3,30.2,Low,5,2,2
264,W006,14,2024-01-01 11:30:00,3.5,105,-73,-40,31,6.597882,80.99,36.63,3.55,15,76,0.51,83,1,1,1,1,81.61,36.58,6.590256,0.05,-0.62,0.007626,60,54,17,50,36,Heat_Stress,72,60,Normal,11,1,1,88.82567196,3,43.4,Low,5,0,2
265,W006,15,2024-01-01 11:45:00,3.75,112,7,-49,46,6.597227,82.61,36.58,3.34,15,72,0.51,83,1,1,1,1,80.99,36.63,6.597882,-0.05,1.62,-0.000655,26,55,16,40,40,Worker_Fatigue,81,55,Normal,11,1,1,67.57218363,3,35.4,Low,5,2,2
266,W006,16,2024-01-01 12:00:00,4,120,-48,-53,-43,6.596868,79.86,36.6,3.97,14,70,0.52,83,1,1,1,1,82.61,36.58,6.597227,0.02,-2.75,-0.000359,36,62,19,47,43,Worker_Fatigue,68,62,Normal,12,1,1,83.43860018,3,41.4,Low,5,2,2
267,W006,17,2024-01-01 12:15:00,4.25,127,-7,-74,8,6.602865,84.69,36.6,3.68,14,71,0.63,81,1,1,1,1,79.86,36.6,6.596868,0,4.83,0.005997,48,60,18,50,44,Worker_Fatigue,72,60,Normal,12,1,1,74.75961477,3,44,Low,5,2,2
268,W006,18,2024-01-01 12:30:00,4.5,135,-5,-77,-8,6.596731,81.41,36.63,4.14,14,68,0.4,83,1,1,1,1,84.69,36.6,6.602865,0.03,-3.28,-0.006134,47,67,20,53,47,Worker_Fatigue,59,67,Normal,12,1,1,77.57576941,3,46.8,Low,5,2,2
269,W006,19,2024-01-01 12:45:00,4.75,142,-4,-40,38,6.633321,87.46,36.63,4.25,14,70,0.64,81,1,1,1,1,81.41,36.63,6.596731,0,6.05,0.03659,57,68,21,58,49,Worker_Fatigue,57,68,Normal,12,1,1,55.31726674,3,50.6,Low,5,2,2
270,W006,20,2024-01-01 13:00:00,5,150,-2,-63,-17,6.636022,81.85,36.63,4.19,12,62,0.58,84,1,1,1,1,87.46,36.63,6.633321,0,-5.61,0.002701,22,72,20,49,53,Worker_Fatigue,50,72,Normal,13,1,1,65.28399498,3,43.2,Low,5,2,2
271,W006,21,2024-01-01 13:15:00,5.25,157,-59,-57,-12,6.620561,87.59,36.64,4.25,15,72,0.86,82,1,1,1,1,81.85,36.63,6.636022,0.01,5.74,-0.015461,67,69,21,62,52,Worker_Fatigue,55,69,Normal,13,1,1,82.90958931,3,54.2,Low,5,2,2
272,W006,22,2024-01-01 13:30:00,5.5,165,-54,-42,46,6.61408,82.92,36.67,4.48,13,65,0.7,82,1,1,1,1,87.59,36.64,6.620561,0.03,-4.67,-0.006481,51,75,22,60,57,Worker_Fatigue,45,75,Normal,13,1,1,82.43785538,3,53,Low,5,2,2
273,W006,23,2024-01-01 13:45:00,5.75,172,-8,-72,17,6.643175,82.73,36.68,4.43,13,65,0.79,82,1,1,1,1,82.92,36.67,6.61408,0.01,-0.19,0.029095,34,75,22,56,59,Worker_Fatigue,45,75,Normal,13,1,1,74.41102069,3,49.2,Low,5,2,2
274,W006,24,2024-01-01 14:00:00,6,180,-66,-61,-14,6.631389,83.82,36.66,4.75,14,66,0.82,82,1,1,1,1,82.73,36.68,6.643175,-0.02,1.09,-0.011786,33,79,23,58,61,Worker_Fatigue,37,79,Normal,14,1,1,90.95603333,3,50.8,Low,5,2,2
275,W006,25,2024-01-01 14:15:00,6.25,187,-11,-73,-1,6.62963,85.36,36.66,4.62,13,65,0.48,79,1,1,1,1,83.82,36.66,6.631389,0,1.54,-0.001759,37,79,24,60,63,Worker_Fatigue,37,79,Normal,14,1,1,73.83088785,3,52.6,Low,5,2,2
276,W006,26,2024-01-01 14:30:00,6.5,195,1,-59,0,6.654712,89.54,36.65,4.79,12,63,0.96,82,1,1,1,1,85.36,36.66,6.62963,-0.01,4.18,0.025082,54,82,23,66,66,Worker_Fatigue,32,82,Normal,14,1,1,59.00847397,3,58.2,Low,5,2,2
277,W006,27,2024-01-01 14:45:00,6.75,202,-25,-68,-32,6.644121,81.73,36.75,5.03,12,63,0.68,81,1,1,1,1,89.54,36.65,6.654712,0.1,-7.81,-0.010591,99,85,25,82,68,Heat_Stress,1,99,Normal,14,1,1,79.20227269,3,71.8,Low,5,0,2
278,W006,28,2024-01-01 15:00:00,7,210,-29,-42,-11,6.665286,88.59,36.69,4.96,12,63,0.82,80,1,1,1,1,81.73,36.75,6.644121,-0.06,6.86,0.021165,72,86,24,74,70,Worker_Fatigue,25,86,Normal,15,1,1,52.21110993,3,65.2,Low,5,2,2
279,W006,29,2024-01-01 15:15:00,7.25,217,3,-69,11,6.647807,86.58,36.76,5.34,12,61,0.77,81,1,1,1,1,88.59,36.69,6.665286,0.07,-2.01,-0.017479,95,91,26,84,73,Heat_Stress,9,95,Normal,15,1,1,69.93568474,3,73.8,Low,5,0,2
280,W006,30,2024-01-01 15:30:00,7.5,225,-23,-40,-18,6.662308,84.28,36.76,5.41,11,59,0.88,82,1,1,1,1,86.58,36.76,6.647807,0,-2.3,0.014501,33,93,27,67,76,Worker_Fatigue,12,93,Normal,15,1,1,49.52776999,3,59.2,Low,5,2,2
281,W006,31,2024-01-01 15:45:00,7.75,232,-74,-76,-33,6.6466,85.65,36.73,5.33,11,62,0.86,80,1,1,1,1,84.28,36.76,6.662308,-0.03,1.37,-0.015708,43,92,26,70,77,Worker_Fatigue,14,92,Normal,15,1,1,111.0900536,3,61.6,Low,5,2,2
282,W006,32,2024-01-01 16:00:00,8,240,-12,-49,7,6.666443,84.91,36.75,5.62,12,56,1.02,80,1,1,1,1,85.65,36.73,6.6466,0.02,-0.74,0.019843,54,98,28,77,81,Worker_Fatigue,3,98,Normal,16,1,1,50.93132631,3,67.6,Low,5,2,2
283,W006,33,2024-01-01 16:15:00,8.25,247,-63,-66,-7,6.680317,85.44,36.8,5.58,10,60,0.75,79,1,1,1,1,84.91,36.75,6.666443,0.05,0.53,0.013874,85,97,29,86,82,Worker_Fatigue,5,97,Normal,16,1,1,91.50956234,3,75.8,Low,5,2,2
284,W006,34,2024-01-01 16:30:00,8.5,255,-69,-58,40,6.674368,88.04,36.81,5.37,10,59,0.72,79,1,1,1,1,85.44,36.8,6.680317,0.01,2.6,-0.005949,62,97,28,80,84,Worker_Fatigue,5,97,Normal,16,1,1,98.61541462,3,70.2,Low,5,2,2
285,W006,35,2024-01-01 16:45:00,8.75,262,-44,-66,-48,6.68443,90.35,36.74,5.89,12,57,0.93,80,1,1,1,1,88.04,36.81,6.674368,-0.07,2.31,0.010062,53,99,29,78,87,Worker_Fatigue,1,99,Normal,16,1,1,92.71461589,3,69.2,Low,5,2,2
286,W006,36,2024-01-01 17:00:00,9,270,-13,-78,15,6.684767,89,36.79,5.78,11,54,0.89,79,1,1,1,1,90.35,36.74,6.68443,0.05,-1.35,0.000337,85,99,30,89,90,Worker_Fatigue,1,99,Normal,17,1,1,80.48602363,3,78.6,Low,5,2,2
287,W006,37,2024-01-01 17:15:00,9.25,277,-75,-77,19,6.689573,86.4,36.78,5.82,11,56,0.7,78,1,1,1,1,89,36.79,6.684767,-0.01,-2.6,0.004806,41,99,32,76,91,Worker_Fatigue,1,99,Normal,17,1,1,109.1558519,3,67.8,Low,5,2,2
288,W006,38,2024-01-01 17:30:00,9.5,285,-37,-65,-13,6.676831,85.5,36.78,6.31,12,50,0.95,79,1,1,1,1,86.4,36.78,6.689573,0,-0.9,-0.012742,42,99,33,77,95,Worker_Fatigue,1,99,Normal,17,1,1,75.91442551,3,69.2,Low,5,2,2
289,W006,39,2024-01-01 17:45:00,9.75,292,-5,-64,-4,6.679802,87.62,36.83,5.72,11,52,1.04,78,1,1,1,1,85.5,36.78,6.676831,0.05,2.12,0.002971,99,99,32,95,97,Heat_Stress,1,99,Normal,17,1,1,64.31951492,3,84.4,Low,5,0,2
290,W006,40,2024-01-01 18:00:00,10,300,-20,-41,6,6.702356,89.84,36.8,6.79,10,52,0.83,78,1,1,1,1,87.62,36.83,6.679802,-0.03,2.22,0.022554,58,99,36,84,99,Worker_Fatigue,1,99,Normal,18,1,1,46.01086828,3,75.2,Low,5,2,2
291,W006,41,2024-01-01 18:15:00,10.25,307,-48,-57,-9,6.693368,88.58,36.82,6.47,10,53,0.9,79,1,1,1,1,89.84,36.8,6.702356,0.02,-1.26,-0.008988,64,99,33,85,99,Worker_Fatigue,1,99,Normal,18,1,1,75.05997602,3,76,Low,5,2,2
292,W006,42,2024-01-01 18:30:00,10.5,315,-19,-53,-42,6.691382,90.31,36.83,6.9,10,50,0.87,76,1,1,1,1,88.58,36.82,6.693368,0.01,1.73,-0.001986,66,99,40,88,99,Worker_Fatigue,1,99,Normal,18,1,1,70.24243732,3,78.4,Low,5,2,2
293,W006,43,2024-01-01 18:45:00,10.75,322,-34,-50,45,6.71417,87.34,36.82,6.66,9,50,0.84,78,1,1,1,1,90.31,36.83,6.691382,-0.01,-2.97,0.022788,48,99,36,82,99,Worker_Fatigue,1,99,Normal,18,1,1,75.37240874,3,72.8,Low,5,2,2
294,W006,44,2024-01-01 19:00:00,11,330,-41,-50,32,6.728699,90.69,36.83,7.13,9,52,1.2,78,1,1,1,1,87.34,36.82,6.71417,0.01,3.35,0.014529,78,99,43,93,99,Worker_Fatigue,1,99,Normal,19,1,1,72.14568594,3,82.4,Low,5,2,2
295,W006,45,2024-01-01 19:15:00,11.25,337,-4,-60,1,6.731,90.69,36.84,6.98,8,45,7,9,0,1,1,1,90.69,36.83,6.728699,0.01,0,0.002301,59,99,99,99,99,Worker_Fatigue,1,99,Fall_Detected,19,1,1,60.14149982,3,91,Low,5,2,0
296,W006,46,2024-01-01 19:30:00,11.5,345,-7,-42,-9,6.720738,91.81,36.8,7.04,9,51,5.63,16,0,1,1,1,90.69,36.84,6.731,-0.04,1.12,-0.010262,58,99,99,99,99,Worker_Fatigue,1,99,Fall_Detected,19,1,1,43.52011029,3,90.8,Low,5,2,0
297,W006,47,2024-01-01 19:45:00,11.75,352,-23,-71,-19,6.74349,89.29,36.89,7.38,9,45,7.05,8,0,1,1,1,91.81,36.8,6.720738,0.09,-2.52,0.022752,99,99,99,99,99,Heat_Stress,1,99,Fall_Detected,19,1,1,77.01298592,3,99,Low,5,0,0
298,W006,48,2024-01-01 20:00:00,12,360,-44,-75,-48,6.727717,86.45,36.91,7.21,8,49,6.96,6,0,1,1,1,89.29,36.89,6.74349,0.02,-2.84,-0.015773,72,99,99,99,99,Worker_Fatigue,1,99,Fall_Detected,20,1,1,99.32270637,3,93.6,Low,5,2,0
299,W006,49,2024-01-01 20:15:00,12.25,367,-75,-78,7,6.730159,93.28,36.93,7.27,8,46,7.02,12,0,1,1,1,86.45,36.91,6.727717,0.02,6.83,0.002442,99,99,99,99,99,Heat_Stress,1,99,Fall_Detected,20,1,1,108.4343119,3,99,Low,5,0,0
300,W006,50,2024-01-01 20:30:00,12.5,375,-44,-41,4,6.737171,90.7,36.88,7.51,10,43,4.9,15,0,1,1,1,93.28,36.93,6.730159,-0.05,-2.58,0.007012,56,99,99,99,99,Worker_Fatigue,1,99,Fall_Detected,20,1,1,60.27437266,3,90.4,Low,5,2,0
301,W007,1,2024-01-01 8:15:00,0.25,7,-59,-47,43,6.555996,75.77,36.87,2.19,18,88,0.26,88,1,1,1,1,74.75,36.75,6.554298,0.1153,1.0176,0.001698,99,24,10,41,5,Heat_Stress,1,99,Normal,8,1,1,86.82741503,3,35.8,Low,6,0,2
302,W007,2,2024-01-01 8:30:00,0.5,15,-32,-73,7,6.578718,77.53,36.86,2.23,17,78,0.24,85,1,1,1,1,75.77,36.87,6.555996,-0.01,1.76,0.022722,12,30,11,18,10,Worker_Fatigue,0,0,Normal,8,1,1,80.01249902,3,16.2,Low,6,2,2
303,W007,3,2024-01-01 8:45:00,0.75,22,-74,-78,-10,6.576579,80.47,37.02,2.46,16,81,0.53,86,1,1,1,1,77.53,36.86,6.578718,0.16,2.94,-0.002139,99,32,12,46,12,Heat_Stress,1,99,Normal,8,1,1,107.9814799,3,40.2,Low,6,0,2
304,W007,4,2024-01-01 9:00:00,1,30,-19,-46,17,6.573127,78.86,37.09,2.91,16,79,0.23,86,1,1,1,1,80.47,37.02,6.576579,0.07,-1.61,-0.003452,67,37,14,39,14,Heat_Stress,59,67,Normal,9,1,1,52.59277517,3,34.2,Low,6,0,2
305,W007,5,2024-01-01 9:15:00,1.25,37,9,-73,48,6.599116,81.5,37.19,2.64,16,82,0.36,86,1,1,1,1,78.86,37.09,6.573127,0.1,2.64,0.025989,99,35,13,48,15,Heat_Stress,1,99,Normal,9,1,1,87.82938005,3,42,Low,6,0,2
306,W007,6,2024-01-01 9:30:00,1.5,45,-50,-57,35,6.598202,85.54,37.3,3.23,16,82,0.27,84,1,1,1,1,81.5,37.19,6.599116,0.11,4.04,-0.000914,99,40,16,51,18,Heat_Stress,1,99,Normal,9,1,1,83.51047838,3,44.8,Low,6,0,2
307,W007,7,2024-01-01 9:45:00,1.75,52,-70,-74,47,6.624994,87.11,37.31,3.28,15,77,0.5,85,1,1,1,1,85.54,37.3,6.598202,0.01,1.57,0.026792,26,44,16,32,21,Worker_Fatigue,100,44,Normal,9,1,1,112.1828864,3,27.8,Low,6,2,2
308,W007,8,2024-01-01 10:00:00,2,60,-41,-68,26,6.630133,88.55,37.39,3.01,17,78,0.53,87,1,1,1,1,87.11,37.31,6.624994,0.08,1.44,0.005139,89,43,15,50,23,Heat_Stress,19,89,Normal,10,1,1,83.55237878,3,44,Low,6,0,2
309,W007,9,2024-01-01 10:15:00,2.25,67,-75,-50,-15,6.632485,89.71,37.39,3.14,16,71,0.59,85,1,1,1,1,88.55,37.39,6.630133,0,1.16,0.002352,17,48,15,31,27,Worker_Fatigue,93,48,Normal,10,1,1,91.37833441,3,27.6,Low,6,2,2
310,W007,10,2024-01-01 10:30:00,2.5,75,-53,-53,46,6.630119,91.31,37.51,3.09,17,69,0.37,85,1,1,1,1,89.71,37.39,6.632485,0.12,1.6,-0.002366,99,50,15,57,30,Heat_Stress,1,99,Normal,10,1,1,87.94316346,3,50.2,Low,6,0,2
311,W007,11,2024-01-01 10:45:00,2.75,82,-43,-74,21,6.634568,94.5,37.69,3.87,14,70,0.58,84,1,1,1,1,91.31,37.51,6.630119,0.18,3.19,0.004449,99,56,19,61,32,Heat_Stress,1,99,Normal,10,1,1,88.12491135,3,53.4,Low,6,0,2
312,W007,12,2024-01-01 11:00:00,3,90,-53,-79,-22,6.656331,93.21,37.57,4.13,15,69,0.58,84,1,1,1,1,94.5,37.69,6.634568,-0.12,-1.29,0.021763,13,60,20,37,34,Worker_Fatigue,72,60,Normal,11,1,1,97.64220399,3,32.8,Low,6,2,2
313,W007,13,2024-01-01 11:15:00,3.25,97,-67,-76,33,6.670424,95.56,37.69,4.73,13,69,0.36,84,1,1,1,1,93.21,37.57,6.656331,0.12,2.35,0.014093,99,66,23,67,36,Heat_Stress,1,99,Normal,11,1,1,106.55515,3,58.2,Low,6,0,2
314,W007,14,2024-01-01 11:30:00,3.5,105,-57,-79,4,6.664142,96.22,37.85,4.12,14,66,0.49,85,1,1,1,1,95.56,37.69,6.670424,0.16,0.66,-0.006282,99,63,20,65,39,Heat_Stress,1,99,Normal,11,1,1,97.49871794,3,57.2,Low,6,0,2
315,W007,15,2024-01-01 11:45:00,3.75,112,-71,-67,-40,6.67529,98.47,38.03,4.3,12,66,0.46,82,1,1,1,1,96.22,37.85,6.664142,0.18,2.25,0.011148,99,66,21,67,42,Heat_Stress,1,99,Normal,11,1,1,105.4988152,3,59,Low,6,0,2
316,W007,16,2024-01-01 12:00:00,4,120,-18,-67,-36,6.695068,101.59,37.85,4.82,12,59,0.79,82,1,1,1,1,98.47,38.03,6.67529,-0.18,3.12,0.019778,36,75,24,53,46,Worker_Fatigue,45,75,Normal,12,1,1,78.16009212,3,46.8,Low,6,2,2
317,W007,17,2024-01-01 12:15:00,4.25,127,-14,-55,-31,6.707619,98.42,38.06,5.1,13,62,0.64,83,1,1,1,1,101.59,37.85,6.695068,0.21,-3.17,0.012551,99,76,25,73,47,Heat_Stress,1,99,Normal,12,1,1,64.66838486,3,64,Low,6,0,2
318,W007,18,2024-01-01 12:30:00,4.5,135,-72,-77,-39,6.694684,105.92,38.07,5.18,11,58,0.77,84,1,1,1,1,98.42,38.06,6.707619,0.01,7.5,-0.012935,74,80,25,68,50,Worker_Fatigue,36,80,Normal,12,1,1,112.4010676,3,59.4,Low,6,2,2
319,W007,19,2024-01-01 12:45:00,4.75,142,-24,-44,30,6.712872,105.61,38.31,4.85,12,60,0.6,81,1,1,1,1,105.92,38.07,6.694684,0.24,-0.31,0.018188,99,77,24,74,52,Heat_Stress,1,99,Normal,12,1,1,58.41232747,3,65.2,Low,6,0,2
320,W007,20,2024-01-01 13:00:00,5,150,-47,-43,-47,6.728294,107.93,38.3,5,11,52,0.75,83,1,1,1,1,105.61,38.31,6.712872,-0.01,2.32,0.015422,36,84,25,59,56,Worker_Fatigue,28,84,Normal,13,1,1,79.16438593,3,52,Low,6,2,2
321,W007,21,2024-01-01 13:15:00,5.25,157,-39,-63,43,6.72996,105.5,38.34,5.87,10,56,0.86,81,1,1,1,1,107.93,38.3,6.728294,0.04,-2.43,0.001666,59,89,29,69,57,Worker_Fatigue,19,89,Normal,13,1,1,85.66796367,3,60.6,Low,6,2,2
322,W007,22,2024-01-01 13:30:00,5.5,165,-65,-53,49,6.734582,106.71,38.41,5.76,10,50,0.75,79,1,1,1,1,105.5,38.34,6.72996,0.07,1.21,0.004622,95,93,30,82,61,Heat_Stress,9,95,Normal,13,1,1,97.13392816,3,72.2,Low,6,0,2
323,W007,23,2024-01-01 13:45:00,5.75,172,-40,-54,-43,6.729021,105.12,38.47,5.84,11,49,0.92,79,1,1,1,1,106.71,38.41,6.734582,0.06,-1.59,-0.005561,79,95,30,79,64,Worker_Fatigue,9,95,Normal,13,1,1,79.78095011,3,69.4,Low,6,2,2
324,W007,24,2024-01-01 14:00:00,6,180,-68,-64,-33,6.745524,111.55,38.59,5.72,12,51,0.61,79,1,1,1,1,105.12,38.47,6.729021,0.12,6.43,0.016503,99,94,30,85,65,Heat_Stress,1,99,Normal,14,1,1,99.0403958,3,74.6,Low,6,0,2
325,W007,25,2024-01-01 14:15:00,6.25,187,-7,-58,-42,6.755106,110.57,38.69,6.05,10,48,0.62,81,1,1,1,1,111.55,38.59,6.745524,0.1,-0.98,0.009582,99,99,30,87,68,Heat_Stress,1,99,Normal,14,1,1,71.95137247,3,76.6,Low,6,0,2
326,W007,26,2024-01-01 14:30:00,6.5,195,-72,-42,25,6.746528,115.48,38.74,6.18,9,45,1.02,78,1,1,1,1,110.57,38.69,6.755106,0.05,4.91,-0.008578,99,99,34,89,71,Heat_Stress,1,99,Normal,14,1,1,87.02298547,3,78.4,Low,6,0,2
327,W007,27,2024-01-01 14:45:00,6.75,202,4,-75,37,6.76984,117.66,38.82,6.34,9,45,0.77,80,1,1,1,1,115.48,38.74,6.746528,0.08,2.18,0.023312,99,99,31,89,73,Heat_Stress,1,99,Normal,14,1,1,83.72574276,3,78.2,Low,6,0,2
328,W007,28,2024-01-01 15:00:00,7,210,-40,-54,-11,6.785119,117.62,38.76,6.8,10,41,0.79,79,1,1,1,1,117.66,38.82,6.76984,-0.06,-0.04,0.015279,31,99,35,69,77,Worker_Fatigue,1,99,Normal,15,1,1,68.09552114,3,62.2,Low,6,2,2
329,W007,29,2024-01-01 15:15:00,7.25,217,-48,-48,5,6.783955,118.52,38.93,7.17,7,39,0.91,80,1,1,1,1,117.62,38.76,6.785119,0.17,0.9,-0.001164,99,99,35,90,79,Heat_Stress,1,99,Normal,15,1,1,68.0661443,3,80.4,Low,6,0,2
330,W007,30,2024-01-01 15:30:00,7.5,225,-60,-54,7,6.798964,120.64,39.09,7.5,8,39,1.13,79,1,1,1,1,118.52,38.93,6.783955,0.16,2.12,0.015009,99,99,41,92,82,Heat_Stress,1,99,Normal,15,1,1,81.0246876,3,82.6,Low,6,0,2
331,W007,31,2024-01-01 15:45:00,7.75,232,-63,-71,-11,6.786855,124.05,39.14,7.31,8,35,0.8,78,1,1,1,1,120.64,39.09,6.798964,0.05,3.41,-0.012109,99,99,39,92,85,Heat_Stress,1,99,Normal,15,1,1,95.55626615,3,82.8,Low,6,0,2
332,W007,32,2024-01-01 16:00:00,8,240,-74,-77,7,6.781004,122.5,39.16,8.06,7,37,0.94,77,1,1,1,1,124.05,39.14,6.786855,0.02,-1.55,-0.005851,54,99,44,80,86,Worker_Fatigue,1,99,Normal,16,1,1,107.0233619,3,72.6,Low,6,2,2
333,W007,33,2024-01-01 16:15:00,8.25,247,-73,-73,-37,6.823768,126.28,39.27,7.63,7,38,0.91,78,1,1,1,1,122.5,39.16,6.781004,0.11,3.78,0.042764,99,99,41,94,88,Heat_Stress,1,99,Normal,16,1,1,109.6676798,3,84.2,Low,6,0,2
334,W007,34,2024-01-01 16:30:00,8.5,255,-43,-60,-8,6.819128,125.86,39.29,7.39,4,34,1.1,79,1,1,1,1,126.28,39.27,6.823768,0.02,-0.42,-0.00464,56,99,40,81,92,Worker_Fatigue,1,99,Normal,16,1,1,74.24957912,3,73.6,Low,6,2,2
335,W007,35,2024-01-01 16:45:00,8.75,262,-30,-60,42,6.825139,127.47,39.44,8.29,5,27,1.06,78,1,1,1,1,125.86,39.29,6.819128,0.15,1.61,0.006011,99,99,45,95,96,Heat_Stress,1,99,Normal,16,1,1,79.14543575,3,86.8,Low,6,0,2
336,W007,36,2024-01-01 17:00:00,9,270,-43,-40,-31,6.854105,128.39,39.47,7.93,6,29,0.97,75,1,1,1,1,127.47,39.44,6.825139,0.03,0.92,0.028966,73,99,47,88,97,Worker_Fatigue,1,99,Normal,17,1,1,66.40783086,3,80.8,Low,6,2,2
337,W007,37,2024-01-01 17:15:00,9.25,277,-74,-52,-36,6.844758,129.06,39.62,8.77,5,29,1.07,77,1,1,1,1,128.39,39.47,6.854105,0.15,0.67,-0.009347,99,99,49,97,99,Heat_Stress,1,99,Normal,17,1,1,97.34474819,3,88.6,Low,6,0,2
338,W007,38,2024-01-01 17:30:00,9.5,285,-19,-60,-8,6.863326,134.31,39.53,7.71,6,23,1,75,1,1,1,1,129.06,39.62,6.844758,-0.09,5.25,0.018568,74,99,46,90,99,Worker_Fatigue,1,99,Normal,17,1,1,63.4428877,3,81.6,Low,6,2,2
339,W007,39,2024-01-01 17:45:00,9.75,292,-13,-78,-14,6.854496,135.54,39.63,8.71,3,29,0.94,76,1,1,1,1,134.31,39.53,6.863326,0.1,1.23,-0.00883,99,99,49,98,99,Heat_Stress,1,99,Normal,17,1,1,80.30566605,3,88.8,Low,6,0,2
340,W007,40,2024-01-01 18:00:00,10,300,-36,-74,-23,6.883093,135.41,39.87,8.48,4,25,1.17,77,1,1,1,1,135.54,39.63,6.854496,0.24,-0.13,0.028597,99,99,50,99,99,Heat_Stress,1,99,Normal,18,1,1,85.44588931,3,89.2,Low,6,0,2
341,W007,41,2024-01-01 18:15:00,10.25,307,-77,-56,44,6.863824,139.87,39.8,9.01,4,20,1.22,74,1,1,1,1,135.41,39.87,6.883093,-0.07,4.46,-0.019269,72,99,58,93,99,Worker_Fatigue,1,99,Normal,18,1,1,104.885652,3,84.2,Low,6,2,2
342,W007,42,2024-01-01 18:30:00,10.5,315,-62,-79,36,6.892626,137.53,39.88,8.91,5,14,1.24,75,1,1,1,1,139.87,39.8,6.863824,0.08,-2.34,0.028802,99,99,57,99,99,Heat_Stress,1,99,Normal,18,1,1,106.6817698,3,90.6,Low,6,0,2
343,W007,43,2024-01-01 18:45:00,10.75,322,-63,-69,-30,6.910829,141.12,40.03,9.43,3,20,1.17,75,1,1,1,1,137.53,39.88,6.892626,0.15,3.59,0.018203,99,99,58,99,99,Heat_Stress,1,99,Normal,18,1,1,98.1325634,3,90.8,Low,6,0,2
344,W007,44,2024-01-01 19:00:00,11,330,-60,-68,-9,6.927546,139.12,40.05,9.88,1,19,1.19,73,1,1,1,1,141.12,40.03,6.910829,0.02,-2,0.016717,67,99,64,94,99,Worker_Fatigue,1,99,Normal,19,1,1,91.13177272,3,84.6,Low,6,2,2
345,W007,45,2024-01-01 19:15:00,11.25,337,9,-51,-21,6.913225,144.93,40.23,9.95,3,18,1.25,74,1,1,1,1,139.12,40.05,6.927546,0.18,5.81,-0.014321,99,99,64,99,99,Heat_Stress,1,99,Normal,19,1,1,55.88380803,3,92,Low,6,0,2
346,W007,46,2024-01-01 19:30:00,11.5,345,-11,-67,-8,6.914059,144.42,40.24,9.6,2,16,1.3,73,1,1,1,1,144.93,40.23,6.913225,0.01,-0.51,0.000834,60,99,65,93,99,Worker_Fatigue,1,99,Normal,19,1,1,68.36665854,3,83.2,Low,6,2,2
347,W007,47,2024-01-01 19:45:00,11.75,352,-68,-53,22,6.940342,146.37,40.34,9.78,3,12,1.23,74,1,1,1,1,144.42,40.24,6.914059,0.1,1.95,0.026283,99,99,62,99,99,Heat_Stress,1,99,Normal,19,1,1,88.97752525,3,91.6,Low,6,0,2
348,W007,48,2024-01-01 20:00:00,12,360,-43,-69,-30,6.918516,144.01,40.42,10,0,13,7.36,5,0,1,1,1,146.37,40.34,6.940342,0.08,-2.36,-0.021826,99,99,99,99,99,Heat_Stress,1,99,Worker_Collapse,20,1,1,86.66025617,3,99,Low,6,0,5
349,W007,49,2024-01-01 20:15:00,12.25,367,-70,-70,-18,6.947056,40,40.48,10,0,6,5.66,7,0,1,1,1,144.01,40.42,6.918516,0.06,-144.01,0.02854,99,99,99,99,99,Heat_Stress,1,99,Worker_Collapse,20,1,1,100.6180898,3,99,Low,6,0,5
350,W007,50,2024-01-01 20:30:00,12.5,375,-66,-52,44,6.956885,40,40.5,10,0,7,7.64,9,0,1,1,1,0,40.48,6.947056,0.02,0,0.009829,74,99,99,99,99,Worker_Fatigue,1,99,Worker_Collapse,20,1,1,94.84724561,3,94,Low,6,2,5