timestamp,anomaly_category,anomaly_type,server_load_kw,chilled_water_kj,outdoor_temp_c,humidity_pct,hvac_runtime_hr,airflow_velocity_mps,power_consumption_kw,ai_risk_score,status,year,month,day,hour,day_of_week,power_to_load_ratio,cooling_efficiency,thermal_stress_index,airflow_efficiency,high_risk_flag,severity_score,status_encoded
01-01-2026 00:00,Immediate Emergency Monitor,Server Room Overheating,370.3,0.3,38.4,55.9,23.8,2.19,307.2,74,Critical,2026,1,1,0,Thursday,0.83,0,42.72,0.591,0,93.04,2
01-01-2026 01:00,Immediate Emergency Monitor,Sudden Thermal Spike,334.1,21.1,39.8,69.2,21.3,2.06,237.7,85.8,Critical,2026,1,1,1,Thursday,0.71,0.06,44.88,0.617,1,102.84,2
01-01-2026 02:00,Immediate Emergency Monitor,Sudden Thermal Spike,323.1,15.1,38.6,49.5,23.2,2.56,280.7,70.4,Critical,2026,1,1,2,Thursday,0.87,0.05,39.97,0.792,0,88.96,2
01-01-2026 03:00,Immediate Emergency Monitor,Sudden Thermal Spike,368,16.6,34.8,66.6,18.8,1.47,346.5,85.8,Critical,2026,1,1,3,Thursday,0.94,0.04,42.99,0.399,1,100.84,2
01-01-2026 04:00,Immediate Emergency Monitor,Server Room Overheating,329.4,9.3,33.5,61.8,23.2,1.73,252.8,69.4,Critical,2026,1,1,4,Thursday,0.77,0.03,40.09,0.525,0,87.96,2
01-01-2026 05:00,Immediate Emergency Monitor,Sudden Thermal Spike,367.8,7.5,37.5,65.8,21.4,1.72,280.8,85.4,Critical,2026,1,1,5,Thursday,0.76,0.02,44.17,0.468,1,102.52,2
01-01-2026 06:00,Immediate Emergency Monitor,Server Room Overheating,374.4,0.4,38.1,58.7,18.3,2.63,368.1,76.7,Critical,2026,1,1,6,Thursday,0.98,0,43.27,0.702,1,91.34,2
01-01-2026 07:00,Immediate Emergency Monitor,Server Room Overheating,337.3,9.2,34.2,53.4,21.7,2.97,259,67.8,Critical,2026,1,1,7,Thursday,0.77,0.03,39.02,0.881,0,85.16,2
01-01-2026 08:00,Immediate Emergency Monitor,Server Room Overheating,364,12.1,30.8,52.1,22.7,2.15,356.2,68.7,Critical,2026,1,1,8,Thursday,0.98,0.03,37.95,0.591,0,86.86,2
01-01-2026 09:00,Immediate Emergency Monitor,Sudden Thermal Spike,346,20.6,34,54.3,18.3,2.12,236.1,67.2,Critical,2026,1,1,9,Thursday,0.68,0.06,39.39,0.613,0,81.84,2
01-01-2026 10:00,Immediate Emergency Monitor,Sudden Thermal Spike,376.7,19.3,38.1,50,21.8,2.23,330.6,73,Critical,2026,1,1,10,Thursday,0.88,0.05,41.61,0.592,0,90.44,2
01-01-2026 11:00,Immediate Emergency Monitor,Server Room Overheating,345.1,22.5,31.2,51.9,19.7,2.72,402.3,70.3,Critical,2026,1,1,11,Thursday,1.17,0.07,37.48,0.788,0,86.06,2
01-01-2026 12:00,Immediate Emergency Monitor,Sudden Thermal Spike,345.9,29.4,30.8,49.5,21.1,1.78,144.1,60.3,Critical,2026,1,1,12,Thursday,0.42,0.08,36.83,0.515,0,77.18,2
01-01-2026 13:00,Immediate Emergency Monitor,Sudden Thermal Spike,378.2,3.4,34.8,62.6,22.4,2.31,263.1,72.2,Critical,2026,1,1,13,Thursday,0.7,0.01,42.53,0.611,0,90.12,2
01-01-2026 14:00,Immediate Emergency Monitor,Server Room Overheating,345.4,10.4,34.8,50.1,19.6,2.64,337,70.2,Critical,2026,1,1,14,Thursday,0.98,0.03,38.93,0.764,0,85.88,2
01-01-2026 15:00,Immediate Emergency Monitor,Server Room Overheating,349,8.1,33.4,69.2,21.9,2.43,290.1,83.2,Critical,2026,1,1,15,Thursday,0.83,0.02,42.17,0.696,1,100.72,2
01-01-2026 16:00,Immediate Emergency Monitor,Server Room Overheating,356.2,2.3,30.9,52.4,23.7,2.29,326.7,67.7,Critical,2026,1,1,16,Thursday,0.92,0.01,37.8,0.643,0,86.66,2
01-01-2026 17:00,Immediate Emergency Monitor,Sudden Thermal Spike,325.5,18,37.5,51.7,21.9,2.65,268.7,69.9,Critical,2026,1,1,17,Thursday,0.83,0.06,39.94,0.814,0,87.42,2
01-01-2026 18:00,Immediate Emergency Monitor,Server Room Overheating,320.9,29,33,62.7,22.1,0.98,320.3,83.6,Critical,2026,1,1,18,Thursday,1,0.09,39.74,0.305,1,101.28,2
01-01-2026 19:00,Immediate Emergency Monitor,Server Room Overheating,356.6,9.4,33.3,66.7,21.6,2.51,287.3,82.5,Critical,2026,1,1,19,Thursday,0.81,0.03,41.88,0.704,1,99.78,2
01-01-2026 20:00,Immediate Emergency Monitor,Server Room Overheating,376.8,3.2,31.9,63.4,23.7,1.91,374.7,73.7,Critical,2026,1,1,20,Thursday,0.99,0.01,41.19,0.507,0,92.66,2
01-01-2026 21:00,Immediate Emergency Monitor,Sudden Thermal Spike,373,6.1,37.1,62,22.2,1.38,321.3,75.4,Critical,2026,1,1,21,Thursday,0.86,0.02,43.38,0.37,1,93.16,2
01-01-2026 22:00,Immediate Emergency Monitor,Server Room Overheating,344.5,0.5,37,56.3,19.5,2.43,308.7,72.7,Critical,2026,1,1,22,Thursday,0.9,0,41.24,0.705,0,88.3,2
01-01-2026 23:00,Immediate Emergency Monitor,Server Room Overheating,377.5,12,40.1,61.8,19.1,2.82,261.2,75.8,Critical,2026,1,1,23,Thursday,0.69,0.03,44.99,0.747,1,91.08,2
02-01-2026 00:00,Immediate Emergency Monitor,Server Room Overheating,378.6,3.1,30.1,47.3,20.6,2.14,274.9,64.5,Critical,2026,1,2,0,Friday,0.73,0.01,37.13,0.565,0,80.98,2
02-01-2026 01:00,Immediate Emergency Monitor,Server Room Overheating,364.9,27.4,35.2,55.9,19.6,2.63,296.4,71.1,Critical,2026,1,2,1,Friday,0.81,0.07,40.94,0.721,0,86.78,2
02-01-2026 02:00,Immediate Emergency Monitor,Sudden Thermal Spike,363.4,0.3,37.1,60.9,21.7,2.93,338.8,75.4,Critical,2026,1,2,2,Friday,0.93,0,42.84,0.806,1,92.76,2
02-01-2026 03:00,Immediate Emergency Monitor,Server Room Overheating,334.5,21.4,31.1,66.9,19.2,2.79,288.7,80.4,Critical,2026,1,2,3,Friday,0.86,0.06,40.08,0.834,1,95.76,2
02-01-2026 04:00,Immediate Emergency Monitor,Server Room Overheating,364.3,0.4,33,51.8,19.3,2.94,338.3,69.7,Critical,2026,1,2,4,Friday,0.93,0,39,0.807,0,85.14,2
02-01-2026 05:00,Immediate Emergency Monitor,Server Room Overheating,334.9,1.9,35.5,60.2,22.4,2.53,431.1,76.9,Critical,2026,1,2,5,Friday,1.29,0.01,40.95,0.755,1,94.82,2
02-01-2026 06:00,Immediate Emergency Monitor,Sudden Thermal Spike,360.4,2.4,41.4,65.1,23,2.23,368,90.8,Critical,2026,1,2,6,Friday,1.02,0.01,45.73,0.619,1,109.2,2
02-01-2026 07:00,Immediate Emergency Monitor,Server Room Overheating,369.4,28,36.5,60.4,19.2,1.48,281.6,73.1,Critical,2026,1,2,7,Friday,0.76,0.08,42.64,0.401,0,88.46,2
02-01-2026 08:00,Immediate Emergency Monitor,Sudden Thermal Spike,364.6,22.1,36.3,54.3,18.4,2.09,381.9,74.3,Critical,2026,1,2,8,Friday,1.05,0.06,41.16,0.573,0,89.02,2
02-01-2026 09:00,Immediate Emergency Monitor,Sudden Thermal Spike,375.2,17.5,36.5,54.2,19.6,1.82,282.2,71.4,Critical,2026,1,2,9,Friday,0.75,0.05,41.6,0.485,0,87.08,2
02-01-2026 10:00,Immediate Emergency Monitor,Sudden Thermal Spike,373.7,20,39.4,60.8,20.7,3.18,161.5,71.6,Critical,2026,1,2,10,Friday,0.43,0.05,44.32,0.851,0,88.16,2
02-01-2026 11:00,Immediate Emergency Monitor,Sudden Thermal Spike,334.9,21.2,35.1,61.2,20.7,2.12,247.3,70.3,Critical,2026,1,2,11,Friday,0.74,0.06,40.95,0.633,0,86.86,2
02-01-2026 12:00,Immediate Emergency Monitor,Sudden Thermal Spike,376.2,1.9,39.9,56.1,19.8,2.26,198.1,71.9,Critical,2026,1,2,12,Friday,0.53,0.01,43.71,0.601,0,87.74,2
02-01-2026 13:00,Immediate Emergency Monitor,Server Room Overheating,321.3,9,36,57.3,18.3,2.45,291.3,71.2,Critical,2026,1,2,13,Friday,0.91,0.03,40.17,0.763,0,85.84,2
02-01-2026 14:00,Immediate Emergency Monitor,Server Room Overheating,375.6,3.2,39.2,61.4,20.5,2.22,325.1,77,Critical,2026,1,2,14,Friday,0.87,0.01,44.4,0.591,1,93.4,2
02-01-2026 15:00,Immediate Emergency Monitor,Server Room Overheating,335.6,4.8,31.9,49.6,18.4,2.96,425,70.8,Critical,2026,1,2,15,Friday,1.27,0.01,37.06,0.882,0,85.52,2
02-01-2026 16:00,Immediate Emergency Monitor,Server Room Overheating,359.9,26.5,39.8,47.8,22.1,1.92,321.8,72.9,Critical,2026,1,2,16,Friday,0.89,0.07,41.46,0.533,0,90.58,2
02-01-2026 17:00,Immediate Emergency Monitor,Sudden Thermal Spike,337.4,9.3,33,58.4,21.1,2.29,294.2,69.6,Critical,2026,1,2,17,Friday,0.87,0.03,39.43,0.679,0,86.48,2
02-01-2026 18:00,Immediate Emergency Monitor,Server Room Overheating,341.4,10.6,39.9,52.7,22.7,1.87,341,74.8,Critical,2026,1,2,18,Friday,1,0.03,41.87,0.548,0,92.96,2
02-01-2026 19:00,Immediate Emergency Monitor,Sudden Thermal Spike,374.8,28.6,33.9,57.6,20.1,1.61,167.3,66.8,Critical,2026,1,2,19,Friday,0.45,0.08,40.96,0.43,0,82.88,2
02-01-2026 20:00,Immediate Emergency Monitor,Server Room Overheating,376.5,26.3,31.2,58.8,20.4,1.92,324.4,70.2,Critical,2026,1,2,20,Friday,0.86,0.07,39.91,0.51,0,86.52,2
02-01-2026 21:00,Immediate Emergency Monitor,Server Room Overheating,350.2,5.8,40.3,65.9,22.1,2.18,371,90.2,Critical,2026,1,2,21,Friday,1.06,0.02,45,0.623,1,107.88,2
02-01-2026 22:00,Immediate Emergency Monitor,Sudden Thermal Spike,371.5,22.5,35.3,49,21.7,2.01,204.4,66.3,Critical,2026,1,2,22,Friday,0.55,0.06,39.83,0.541,0,83.66,2
02-01-2026 23:00,Immediate Emergency Monitor,Sudden Thermal Spike,360.4,5.4,38.3,47.9,19.4,1.89,373.6,73.6,Critical,2026,1,2,23,Friday,1.04,0.01,40.74,0.524,0,89.12,2
03-01-2026 00:00,Immediate Emergency Monitor,Sudden Thermal Spike,329.9,0.1,38.6,57.9,22.4,1.57,332.6,74.9,Critical,2026,1,3,0,Saturday,1.01,0,41.88,0.476,0,92.82,2
03-01-2026 01:00,Immediate Emergency Monitor,Server Room Overheating,329.7,2.5,30.2,67.3,19,2.16,285.5,79.8,Critical,2026,1,3,1,Saturday,0.87,0.01,39.55,0.655,1,95,2
03-01-2026 02:00,Immediate Emergency Monitor,Server Room Overheating,334.5,10.6,31.3,58,19.3,1.52,343.3,70,Critical,2026,1,3,2,Saturday,1.03,0.03,38.4,0.454,0,85.44,2
03-01-2026 03:00,Immediate Emergency Monitor,Sudden Thermal Spike,356.5,7.4,30.7,50.9,20.3,2.54,429.3,70.5,Critical,2026,1,3,3,Saturday,1.2,0.02,37.41,0.712,0,86.74,2
03-01-2026 04:00,Immediate Emergency Monitor,Sudden Thermal Spike,333.2,28.8,37.4,55.4,21.3,2.24,322.1,73,Critical,2026,1,3,4,Saturday,0.97,0.09,40.89,0.672,0,90.04,2
03-01-2026 05:00,Immediate Emergency Monitor,Sudden Thermal Spike,345.7,16.2,38.4,49.3,22.2,1.54,317.7,71.9,Critical,2026,1,3,5,Saturday,0.92,0.05,40.58,0.445,0,89.66,2
03-01-2026 06:00,Immediate Emergency Monitor,Sudden Thermal Spike,350,12.4,40.4,58.3,21.8,2.06,271.1,74.5,Critical,2026,1,3,6,Saturday,0.77,0.04,43.53,0.589,0,91.94,2
03-01-2026 07:00,Immediate Emergency Monitor,Server Room Overheating,326.9,18.2,31.4,48.6,20,1.86,253.7,63.8,Critical,2026,1,3,7,Saturday,0.78,0.06,36.32,0.569,0,79.8,2
03-01-2026 08:00,Immediate Emergency Monitor,Server Room Overheating,361.5,6.2,34.7,50.1,23.4,2.34,346.8,70.6,Critical,2026,1,3,8,Saturday,0.96,0.02,39.42,0.647,0,89.32,2
03-01-2026 09:00,Immediate Emergency Monitor,Server Room Overheating,350.5,12.6,30.2,46.7,22.8,2.8,272.9,63.5,Critical,2026,1,3,9,Saturday,0.78,0.04,36.12,0.799,0,81.74,2
03-01-2026 10:00,Immediate Emergency Monitor,Sudden Thermal Spike,348.5,16.8,37.5,51.3,22.1,1.36,309.4,71.6,Critical,2026,1,3,10,Saturday,0.89,0.05,40.63,0.39,0,89.28,2
03-01-2026 11:00,Immediate Emergency Monitor,Server Room Overheating,320.6,21.7,36.4,65.5,23,2.25,286.2,83.7,Critical,2026,1,3,11,Saturday,0.89,0.07,41.99,0.702,1,102.1,2
03-01-2026 12:00,Immediate Emergency Monitor,Sudden Thermal Spike,370.6,14.6,34,56.3,22.7,2.13,339.9,72,Critical,2026,1,3,12,Saturday,0.92,0.04,40.61,0.575,0,90.16,2
03-01-2026 13:00,Immediate Emergency Monitor,Sudden Thermal Spike,331,25.6,40.6,46.9,20.8,2.5,312.5,72.3,Critical,2026,1,3,13,Saturday,0.94,0.08,40.71,0.755,0,88.94,2
03-01-2026 14:00,Immediate Emergency Monitor,Sudden Thermal Spike,343.3,24.1,40.8,46.7,19.2,2.3,394.6,75.6,Critical,2026,1,3,14,Saturday,1.15,0.07,41.18,0.67,1,90.96,2
03-01-2026 15:00,Immediate Emergency Monitor,Server Room Overheating,372.6,11.7,36.5,46.7,23.8,1.86,274.7,68.9,Critical,2026,1,3,15,Saturday,0.74,0.03,40.01,0.499,0,87.94,2
03-01-2026 16:00,Immediate Emergency Monitor,Server Room Overheating,358.9,2.2,34.5,55.8,22.8,2.06,300,70.6,Critical,2026,1,3,16,Saturday,0.84,0.01,40.37,0.574,0,88.84,2
03-01-2026 17:00,Immediate Emergency Monitor,Server Room Overheating,379.8,16.8,33.9,53.8,19.3,1.84,234.1,68,Critical,2026,1,3,17,Saturday,0.62,0.04,40.37,0.484,0,83.44,2
03-01-2026 18:00,Immediate Emergency Monitor,Server Room Overheating,342.4,2.1,34.4,63.1,20.8,2.68,255.3,70.8,Critical,2026,1,3,18,Saturday,0.75,0.01,41.23,0.783,0,87.44,2
03-01-2026 19:00,Immediate Emergency Monitor,Server Room Overheating,359.4,21.3,30.1,61.5,19.3,2.21,345.3,70.5,Critical,2026,1,3,19,Saturday,0.96,0.06,39.33,0.615,0,85.94,2
03-01-2026 20:00,Immediate Emergency Monitor,Server Room Overheating,349,0.2,39.7,58.7,22.6,3.06,353.1,77,Critical,2026,1,3,20,Saturday,1.01,0,43.22,0.877,1,95.08,2
03-01-2026 21:00,Immediate Emergency Monitor,Sudden Thermal Spike,324,23,37,63.8,22.7,2.17,237.5,71.9,Critical,2026,1,3,21,Saturday,0.73,0.07,42.06,0.67,0,90.06,2
03-01-2026 22:00,Immediate Emergency Monitor,Server Room Overheating,368.2,15.5,31.7,60.5,22,1.88,353,71.8,Critical,2026,1,3,22,Saturday,0.96,0.04,40.22,0.511,0,89.4,2
03-01-2026 23:00,Immediate Emergency Monitor,Sudden Thermal Spike,364.5,5.1,32.3,63.7,23.3,1.52,403.4,74.9,Critical,2026,1,3,23,Saturday,1.11,0.01,41.04,0.417,0,93.54,2
04-01-2026 00:00,Immediate Emergency Monitor,Server Room Overheating,374.5,22.8,37.2,67.2,21.9,1.39,312.2,86.7,Critical,2026,1,4,0,Sunday,0.83,0.06,44.52,0.371,1,104.22,2
04-01-2026 01:00,Immediate Emergency Monitor,Sudden Thermal Spike,354.7,19,31.9,62.9,20.8,1.49,450.1,75.8,Critical,2026,1,4,1,Sunday,1.27,0.05,40.35,0.42,1,92.44,2
04-01-2026 02:00,Immediate Emergency Monitor,Sudden Thermal Spike,336.3,6.1,33.8,50.4,19.4,2.32,252,66.3,Critical,2026,1,4,2,Sunday,0.75,0.02,38.19,0.69,0,81.82,2
04-01-2026 03:00,Immediate Emergency Monitor,Server Room Overheating,345.5,27.2,36.1,46.9,19.1,2.43,240.2,66.8,Critical,2026,1,4,3,Sunday,0.7,0.08,38.95,0.703,0,82.08,2
04-01-2026 04:00,Immediate Emergency Monitor,Sudden Thermal Spike,361.8,11.5,39.9,64.9,22,1.49,196.9,74,Critical,2026,1,4,4,Sunday,0.54,0.03,44.99,0.412,0,91.6,2
04-01-2026 05:00,Immediate Emergency Monitor,Server Room Overheating,336.3,20.8,33.2,60.9,23.6,2.6,410.6,74.6,Critical,2026,1,4,5,Sunday,1.22,0.06,39.99,0.773,0,93.48,2
04-01-2026 06:00,Immediate Emergency Monitor,Sudden Thermal Spike,339.5,8.1,32.3,50.5,22.2,1.98,337.4,68.2,Critical,2026,1,4,6,Sunday,0.99,0.02,37.57,0.583,0,85.96,2
04-01-2026 07:00,Immediate Emergency Monitor,Sudden Thermal Spike,355.7,7.9,37.9,64.5,22.9,2.27,297.9,75.6,Critical,2026,1,4,7,Sunday,0.84,0.02,43.71,0.638,1,93.92,2
04-01-2026 08:00,Immediate Emergency Monitor,Server Room Overheating,365.7,5.6,31.1,54.2,22.2,2.93,330,68.7,Critical,2026,1,4,8,Sunday,0.9,0.02,38.58,0.801,0,86.46,2
04-01-2026 09:00,Immediate Emergency Monitor,Sudden Thermal Spike,345.9,0.9,33.1,67,18.2,2.6,219.6,79.8,Critical,2026,1,4,9,Sunday,0.63,0,41.48,0.752,1,94.36,2
04-01-2026 10:00,Immediate Emergency Monitor,Server Room Overheating,334.6,16.7,30.5,53.1,22,2.08,470.2,72.4,Critical,2026,1,4,10,Sunday,1.41,0.05,37.02,0.622,0,90,2
04-01-2026 11:00,Immediate Emergency Monitor,Sudden Thermal Spike,373.9,26.6,33.9,69.9,23.4,1.8,302.4,84.8,Critical,2026,1,4,11,Sunday,0.81,0.07,43.39,0.481,1,103.52,2
04-01-2026 12:00,Immediate Emergency Monitor,Sudden Thermal Spike,369.5,25.3,33,46.7,21.5,1.23,312.6,67.4,Critical,2026,1,4,12,Sunday,0.85,0.07,38.16,0.333,0,84.6,2
04-01-2026 13:00,Immediate Emergency Monitor,Server Room Overheating,325.7,30,33.9,65.2,22.5,1.88,338.1,83.8,Critical,2026,1,4,13,Sunday,1.04,0.09,40.85,0.577,1,101.8,2
04-01-2026 14:00,Immediate Emergency Monitor,Sudden Thermal Spike,371.5,29.9,32.9,55.3,18.2,2.1,301.9,69.6,Critical,2026,1,4,14,Sunday,0.81,0.08,39.89,0.565,0,84.16,2
04-01-2026 15:00,Immediate Emergency Monitor,Server Room Overheating,327.8,0.7,34.3,59.2,22.7,1.76,322.4,71.6,Critical,2026,1,4,15,Sunday,0.98,0,39.92,0.537,0,89.76,2
04-01-2026 16:00,Immediate Emergency Monitor,Sudden Thermal Spike,338.8,19.6,32.8,64.1,18.1,2.14,290.3,71.1,Critical,2026,1,4,16,Sunday,0.86,0.06,40.51,0.632,0,85.58,2
04-01-2026 17:00,Immediate Emergency Monitor,Sudden Thermal Spike,357.4,22.9,30.5,60.5,23,2.23,345.4,70.5,Critical,2026,1,4,17,Sunday,0.97,0.06,39.26,0.624,0,88.9,2
04-01-2026 18:00,Immediate Emergency Monitor,Sudden Thermal Spike,353.8,18.7,40.4,59.5,21.5,2.1,416.1,80,Critical,2026,1,4,18,Sunday,1.18,0.05,43.89,0.594,1,97.2,2
04-01-2026 19:00,Immediate Emergency Monitor,Sudden Thermal Spike,379.4,22.7,35.3,54.7,22.2,1.91,384.7,74,Critical,2026,1,4,19,Sunday,1.01,0.06,41.24,0.503,0,91.76,2
04-01-2026 20:00,Immediate Emergency Monitor,Sudden Thermal Spike,333.7,17.9,41.1,53.5,23.6,2.28,407.2,78.2,Critical,2026,1,4,20,Sunday,1.22,0.05,42.37,0.683,1,97.08,2
04-01-2026 21:00,Immediate Emergency Monitor,Server Room Overheating,351.7,6.3,41.9,61.2,23.9,2.4,280.4,77,Critical,2026,1,4,21,Sunday,0.8,0.02,44.91,0.682,1,96.12,2
04-01-2026 22:00,Immediate Emergency Monitor,Server Room Overheating,368.3,21.5,37.1,56.4,18.3,1.71,238.3,71,Critical,2026,1,4,22,Sunday,0.65,0.06,42.11,0.464,0,85.64,2
04-01-2026 23:00,Immediate Emergency Monitor,Server Room Overheating,360.5,20.3,34.5,49.2,23.7,2.83,316.3,69.2,Critical,2026,1,4,23,Sunday,0.88,0.06,39.11,0.785,0,88.16,2
05-01-2026 00:00,Immediate Emergency Monitor,Sudden Thermal Spike,350,20.7,38.4,51.9,21.9,2.16,316.9,72.8,Critical,2026,1,5,0,Monday,0.91,0.06,41.25,0.617,0,90.32,2
05-01-2026 01:00,Immediate Emergency Monitor,Server Room Overheating,329.4,19.1,37.2,62.6,19.1,2.21,381.8,77.1,Critical,2026,1,5,1,Monday,1.16,0.06,42.1,0.671,1,92.38,2
05-01-2026 02:00,Immediate Emergency Monitor,Server Room Overheating,347.3,20,40,45.5,19,2.52,198.1,67.9,Critical,2026,1,5,2,Monday,0.57,0.06,40.68,0.726,0,83.1,2
05-01-2026 03:00,Immediate Emergency Monitor,Sudden Thermal Spike,366.7,18.3,38.4,65.1,23,2.3,392.1,89.5,Critical,2026,1,5,3,Monday,1.07,0.05,44.44,0.627,1,107.9,2
05-01-2026 04:00,Hidden Degradation Tracker,Predictive Failure,231.3,259.7,11.1,44,15.1,2.63,300.4,48.7,Warning,2026,1,5,4,Monday,1.3,1.12,22.06,1.137,0,60.78,1
05-01-2026 05:00,Hidden Degradation Tracker,Continuous HVAC Runtime,216.5,324.7,24.2,62.6,17,2.33,287.1,63.7,Warning,2026,1,5,5,Monday,1.33,1.49,31.84,1.076,0,77.3,1
05-01-2026 06:00,Hidden Degradation Tracker,Continuous HVAC Runtime,184.3,308.6,19.3,43.7,14.9,1.92,235,52.2,Warning,2026,1,5,6,Monday,1.28,1.67,24.53,1.042,0,64.12,1
05-01-2026 07:00,Hidden Degradation Tracker,Cooling Inefficiency,149,330.4,11.6,58.2,20.9,2.36,190.3,49,Warning,2026,1,5,7,Monday,1.28,2.2,22.41,1.584,0,65.72,1
05-01-2026 08:00,Hidden Degradation Tracker,Cooling Inefficiency,285.3,273.1,6,60.8,21.4,1.69,366.4,52.4,Warning,2026,1,5,8,Monday,1.28,0.95,24.67,0.592,0,69.52,1
05-01-2026 09:00,Hidden Degradation Tracker,Compressor Degradation,244,388.2,4.8,43.2,21.5,2.25,324.7,44.7,Warning,2026,1,5,9,Monday,1.33,1.58,19.17,0.922,0,61.9,1
05-01-2026 10:00,Hidden Degradation Tracker,Predictive Failure,169.1,316.2,22.8,52,14.3,2.19,206,55.8,Warning,2026,1,5,10,Monday,1.22,1.86,27.44,1.295,0,67.24,1
05-01-2026 11:00,Hidden Degradation Tracker,Compressor Degradation,168.8,303.2,7.9,59.1,18.3,2.11,199.6,46.3,Warning,2026,1,5,11,Monday,1.18,1.79,21.4,1.25,0,60.94,1
05-01-2026 12:00,Hidden Degradation Tracker,Continuous HVAC Runtime,221.5,242.1,9.4,41.9,14.1,2.14,281,45.9,Warning,2026,1,5,12,Monday,1.27,1.09,20.46,0.966,0,57.18,1
05-01-2026 13:00,Hidden Degradation Tracker,Continuous HVAC Runtime,331.8,340,3.7,40.4,17.5,1.35,410.7,46.4,Warning,2026,1,5,13,Monday,1.24,1.02,20.99,0.407,0,60.4,1
05-01-2026 14:00,Hidden Degradation Tracker,Predictive Failure,225.7,271.8,8.1,40.3,16.4,1.95,290.9,44.9,Warning,2026,1,5,14,Monday,1.29,1.2,19.63,0.864,0,58.02,1
05-01-2026 15:00,Hidden Degradation Tracker,Compressor Degradation,157.3,313.5,2.3,37.1,18.5,2.24,204.2,36.3,Warning,2026,1,5,15,Monday,1.3,1.98,13.81,1.424,0,51.1,1
05-01-2026 16:00,Hidden Degradation Tracker,Compressor Degradation,226.5,382.1,8.1,45,23.3,2.27,285.6,46,Warning,2026,1,5,16,Monday,1.26,1.68,20.6,1.002,0,64.64,1
05-01-2026 17:00,Hidden Degradation Tracker,Continuous HVAC Runtime,225,330.8,21.1,42.3,17.4,1.74,308.2,56.2,Warning,2026,1,5,17,Monday,1.37,1.46,26.51,0.773,0,70.12,1
05-01-2026 18:00,Hidden Degradation Tracker,Predictive Failure,91.7,123.6,9.8,44.1,10.3,2.77,106.2,39.1,Warning,2026,1,5,18,Monday,1.16,1.33,16.78,3.021,0,47.34,1
05-01-2026 19:00,Hidden Degradation Tracker,Continuous HVAC Runtime,237,326.9,18,43.4,16.7,1.81,292.3,53.1,Warning,2026,1,5,19,Monday,1.23,1.37,25.58,0.764,0,66.46,1
05-01-2026 20:00,Hidden Degradation Tracker,Predictive Failure,227.3,342.3,19.8,49.1,17.6,2.64,292.1,56.4,Warning,2026,1,5,20,Monday,1.29,1.5,27.3,1.161,0,70.48,1
05-01-2026 21:00,Hidden Degradation Tracker,Compressor Degradation,278.3,281.7,8.6,34.5,23.2,2.39,327.5,44.9,Warning,2026,1,5,21,Monday,1.18,1.01,20.48,0.859,0,63.46,1
05-01-2026 22:00,Hidden Degradation Tracker,Cooling Inefficiency,341.7,279.5,10.9,51.1,22.4,1.91,423,55.5,Warning,2026,1,5,22,Monday,1.24,0.82,27.06,0.559,0,73.42,1
05-01-2026 23:00,Hidden Degradation Tracker,Predictive Failure,302,412.8,19.2,51.9,17.4,3,396.5,60.8,Warning,2026,1,5,23,Monday,1.31,1.36,30.05,0.993,0,74.72,1
06-01-2026 00:00,Hidden Degradation Tracker,Continuous HVAC Runtime,225.2,373.7,27.6,41.1,16.9,1.66,289.6,59.8,Warning,2026,1,6,0,Tuesday,1.29,1.65,29.53,0.737,0,73.32,1
06-01-2026 01:00,Hidden Degradation Tracker,Continuous HVAC Runtime,179.1,378.6,27.3,52.8,16,2.61,238.7,61.2,Warning,2026,1,6,1,Tuesday,1.33,2.1,30.18,1.457,0,74,1
06-01-2026 02:00,Hidden Degradation Tracker,Cooling Inefficiency,380,370.4,4.9,51.3,24,2.65,448.8,52.2,Warning,2026,1,6,2,Tuesday,1.18,0.97,25.38,0.697,0,71.4,1
06-01-2026 03:00,Hidden Degradation Tracker,Compressor Degradation,243.3,384.6,2.3,36.5,21.7,1.9,296.7,39.5,Warning,2026,1,6,3,Tuesday,1.22,1.57,16.56,0.781,0,56.86,1
06-01-2026 04:00,Hidden Degradation Tracker,Continuous HVAC Runtime,240.8,329.1,15.2,54.4,17.1,2.83,302.7,54.9,Warning,2026,1,6,4,Tuesday,1.26,1.36,26.51,1.175,0,68.58,1
06-01-2026 05:00,Hidden Degradation Tracker,Cooling Inefficiency,238.7,319.8,11.7,51.4,23.1,2.09,299.3,51.1,Warning,2026,1,6,5,Tuesday,1.25,1.33,24.09,0.876,0,69.58,1
06-01-2026 06:00,Hidden Degradation Tracker,Continuous HVAC Runtime,250.9,420,32.6,49.5,22,2.33,344.7,68.3,Warning,2026,1,6,6,Tuesday,1.37,1.67,34.56,0.929,0,85.9,1
06-01-2026 07:00,Hidden Degradation Tracker,Continuous HVAC Runtime,232.1,420,30.3,51.8,18.5,2.32,307.3,65.7,Warning,2026,1,6,7,Tuesday,1.32,1.8,33.25,1,0,80.5,1
06-01-2026 08:00,Hidden Degradation Tracker,Predictive Failure,208.4,270.2,10.1,46.8,14,2.14,250.9,46.4,Warning,2026,1,6,8,Tuesday,1.2,1.29,21.36,1.027,0,57.6,1
06-01-2026 09:00,Hidden Degradation Tracker,Continuous HVAC Runtime,209.9,388,25,50.4,16.2,2.56,273.7,60,Warning,2026,1,6,9,Tuesday,1.3,1.84,29.58,1.22,0,72.96,1
06-01-2026 10:00,Hidden Degradation Tracker,Compressor Degradation,238.2,300.3,2.6,51,18.4,2.56,302,44.4,Warning,2026,1,6,10,Tuesday,1.27,1.26,19.44,1.075,0,59.12,1
06-01-2026 11:00,Hidden Degradation Tracker,Predictive Failure,210.1,288.3,12.3,40.3,15.9,1.41,283.9,48,Warning,2026,1,6,11,Tuesday,1.35,1.37,21.21,0.671,0,60.72,1
06-01-2026 12:00,Hidden Degradation Tracker,Cooling Inefficiency,200.8,372.5,11.8,43,23.1,2.79,274.5,48.2,Warning,2026,1,6,12,Tuesday,1.37,1.85,21.19,1.389,0,66.68,1
06-01-2026 13:00,Hidden Degradation Tracker,Cooling Inefficiency,245.9,262.8,11.4,36.1,20.3,1.45,293.5,46,Warning,2026,1,6,13,Tuesday,1.19,1.06,21.12,0.59,0,62.24,1
06-01-2026 14:00,Hidden Degradation Tracker,Continuous HVAC Runtime,226,356.3,23.6,48.9,17.4,2.66,281.6,58.7,Warning,2026,1,6,14,Tuesday,1.25,1.57,29.11,1.177,0,72.62,1
06-01-2026 15:00,Hidden Degradation Tracker,Continuous HVAC Runtime,322.7,364.9,6,37.9,16,2.71,381.5,46.2,Warning,2026,1,6,15,Tuesday,1.18,1.13,21.34,0.84,0,59,1
06-01-2026 16:00,Hidden Degradation Tracker,Cooling Inefficiency,94.2,281.6,2.7,41.6,19.4,1.71,125.3,35.2,Warning,2026,1,6,16,Tuesday,1.33,2.96,12.81,1.815,0,50.72,1
06-01-2026 17:00,Hidden Degradation Tracker,Continuous HVAC Runtime,300,322.3,11.1,50.6,15.1,2.02,374.9,53.5,Warning,2026,1,6,17,Tuesday,1.25,1.07,25.67,0.673,0,65.58,1
06-01-2026 18:00,Hidden Degradation Tracker,Cooling Inefficiency,308.5,290.3,6.7,47.2,18.6,1.7,392.1,49.8,Warning,2026,1,6,18,Tuesday,1.27,0.94,23.07,0.551,0,64.68,1
06-01-2026 19:00,Hidden Degradation Tracker,Cooling Inefficiency,126,272.1,3.7,51.7,23.8,2.1,169.1,40.7,Warning,2026,1,6,19,Tuesday,1.34,2.14,16.39,1.667,0,59.74,1
06-01-2026 20:00,Hidden Degradation Tracker,Predictive Failure,221.2,381.8,24,44.1,17.7,2.06,282.9,57.6,Warning,2026,1,6,20,Tuesday,1.28,1.72,28.19,0.931,0,71.76,1
06-01-2026 21:00,Hidden Degradation Tracker,Predictive Failure,219.6,242.5,8.1,41.7,11.7,2.55,273.6,44.6,Warning,2026,1,6,21,Tuesday,1.25,1.1,19.71,1.161,0,53.96,1
06-01-2026 22:00,Hidden Degradation Tracker,Compressor Degradation,162.6,395.2,9.6,53.9,20.6,2.79,207.2,46.7,Warning,2026,1,6,22,Tuesday,1.27,2.42,21,1.716,0,63.18,1
06-01-2026 23:00,Hidden Degradation Tracker,Predictive Failure,197.2,198.4,7.8,43.8,13.3,2.83,275.1,45.6,Warning,2026,1,6,23,Tuesday,1.4,1,19.23,1.435,0,56.24,1
07-01-2026 00:00,Hidden Degradation Tracker,Cooling Inefficiency,178.9,369.7,4.8,56.6,20,1.95,206.5,43.3,Warning,2026,1,7,0,Wednesday,1.15,2.06,19.68,1.09,0,59.3,1
07-01-2026 01:00,Hidden Degradation Tracker,Predictive Failure,336.4,307.1,6.9,44.7,17.4,2.11,417.2,50.3,Warning,2026,1,7,1,Wednesday,1.24,0.91,23.6,0.627,0,64.22,1
07-01-2026 02:00,Hidden Degradation Tracker,Cooling Inefficiency,291.5,284.9,5,51.4,18.8,1.44,390.1,49.8,Warning,2026,1,7,2,Wednesday,1.34,0.97,22.5,0.494,0,64.84,1
07-01-2026 03:00,Hidden Degradation Tracker,Compressor Degradation,309.9,303.3,4.6,47.2,22,1.84,385.2,48,Warning,2026,1,7,3,Wednesday,1.24,0.98,22.07,0.594,0,65.6,1
07-01-2026 04:00,Hidden Degradation Tracker,Compressor Degradation,279.7,281.6,2.6,44.3,22.9,2.63,344.8,44,Warning,2026,1,7,4,Wednesday,1.23,1,19.48,0.94,0,62.32,1
07-01-2026 05:00,Hidden Degradation Tracker,Predictive Failure,177.9,280.5,16.1,45.7,16.5,2.93,231.3,50.3,Warning,2026,1,7,5,Wednesday,1.3,1.57,23.12,1.647,0,63.5,1
07-01-2026 06:00,Hidden Degradation Tracker,Continuous HVAC Runtime,211.2,380.4,29.7,55.4,16.8,1.64,271.4,64.9,Warning,2026,1,7,6,Wednesday,1.29,1.79,32.97,0.777,0,78.34,1
07-01-2026 07:00,Hidden Degradation Tracker,Continuous HVAC Runtime,266.9,354.7,16.5,51.4,16.6,1.93,351.9,57,Warning,2026,1,7,7,Wednesday,1.32,1.32,27.43,0.723,0,70.28,1
07-01-2026 08:00,Hidden Degradation Tracker,Cooling Inefficiency,172.8,301.4,3.5,39.9,23.2,2.19,197.5,36.9,Warning,2026,1,7,8,Wednesday,1.14,1.73,15.49,1.267,0,55.46,1
07-01-2026 09:00,Hidden Degradation Tracker,Compressor Degradation,279.2,262.4,3.5,43.1,20.9,2.33,374,45.6,Warning,2026,1,7,9,Wednesday,1.34,0.94,19.68,0.835,0,62.32,1
07-01-2026 10:00,Hidden Degradation Tracker,Cooling Inefficiency,226.8,334.5,5,43.5,22.8,1.84,279.5,42.9,Warning,2026,1,7,10,Wednesday,1.23,1.47,18.76,0.811,0,61.14,1
07-01-2026 11:00,Hidden Degradation Tracker,Continuous HVAC Runtime,219.4,332.7,17.1,49.4,15.2,2.39,275.9,53.7,Warning,2026,1,7,11,Wednesday,1.26,1.51,25.74,1.089,0,65.86,1
07-01-2026 12:00,Hidden Degradation Tracker,Cooling Inefficiency,279.1,337.1,3.4,43.3,21,1.99,344.1,44.2,Warning,2026,1,7,12,Wednesday,1.23,1.2,19.66,0.713,0,61,1
07-01-2026 13:00,Hidden Degradation Tracker,Continuous HVAC Runtime,264.4,419.1,25.8,39.6,18.6,2.19,344.2,60,Warning,2026,1,7,13,Wednesday,1.3,1.58,29.63,0.828,0,74.88,1
07-01-2026 14:00,Hidden Degradation Tracker,Cooling Inefficiency,220.1,343.6,3.4,45.1,19.6,2.45,254.1,40.9,Warning,2026,1,7,14,Wednesday,1.15,1.55,18.06,1.113,0,56.58,1
07-01-2026 15:00,Hidden Degradation Tracker,Cooling Inefficiency,303.8,262.3,6.9,59.4,20.8,2.2,374.3,53,Warning,2026,1,7,15,Wednesday,1.23,0.86,25.46,0.724,0,69.64,1
07-01-2026 16:00,Hidden Degradation Tracker,Predictive Failure,180.5,194.8,5.2,42.1,13.1,2,255.3,42.5,Warning,2026,1,7,16,Wednesday,1.41,1.07,17.04,1.108,0,52.98,1
07-01-2026 17:00,Hidden Degradation Tracker,Cooling Inefficiency,273.9,373.4,5.1,51.6,18.3,2.15,330.9,47.5,Warning,2026,1,7,17,Wednesday,1.21,1.36,22,0.785,0,62.14,1
07-01-2026 18:00,Hidden Degradation Tracker,Compressor Degradation,272.6,318.8,6.2,47.3,22.4,2.16,336.7,47.4,Warning,2026,1,7,18,Wednesday,1.24,1.17,21.65,0.792,0,65.32,1
07-01-2026 19:00,Hidden Degradation Tracker,Predictive Failure,223,297.9,14.6,45.4,13.8,2.03,272,50.4,Warning,2026,1,7,19,Wednesday,1.22,1.33,23.81,0.91,0,61.44,1
07-01-2026 20:00,Hidden Degradation Tracker,Predictive Failure,257.9,278.5,2,45.4,14.1,2.08,324.9,43.1,Warning,2026,1,7,20,Wednesday,1.26,1.08,18.68,0.807,0,54.38,1
07-01-2026 21:00,Hidden Degradation Tracker,Compressor Degradation,171.2,350.1,7.7,49.6,22.7,2.92,236.6,45.8,Warning,2026,1,7,21,Wednesday,1.38,2.03,19.48,1.706,0,63.96,1
07-01-2026 22:00,Hidden Degradation Tracker,Continuous HVAC Runtime,290.8,324.9,10.5,45.5,15.6,2.45,352.4,50.6,Warning,2026,1,7,22,Wednesday,1.21,1.11,24.04,0.843,0,63.08,1
07-01-2026 23:00,Hidden Degradation Tracker,Continuous HVAC Runtime,229.8,318.8,14.5,47.4,14.3,2.07,294.7,51.9,Warning,2026,1,7,23,Wednesday,1.28,1.38,24.39,0.901,0,63.34,1
08-01-2026 00:00,Hidden Degradation Tracker,Continuous HVAC Runtime,211.3,251.2,5.1,38.7,12.7,2.51,286.2,42.2,Warning,2026,1,8,0,Thursday,1.35,1.18,17.33,1.188,0,52.36,1
08-01-2026 01:00,Hidden Degradation Tracker,Compressor Degradation,297.7,297.1,10.6,54,21.2,2.05,376.1,54.2,Warning,2026,1,8,1,Thursday,1.26,0.99,26.02,0.689,0,71.16,1
08-01-2026 02:00,Hidden Degradation Tracker,Predictive Failure,201.3,359.4,25.3,49.2,16.3,2.73,269.8,59.9,Warning,2026,1,8,2,Thursday,1.34,1.78,29.2,1.356,0,72.94,1
08-01-2026 03:00,Hidden Degradation Tracker,Cooling Inefficiency,162.5,398.4,10.4,41.3,23.3,2.37,194.2,42.7,Warning,2026,1,8,3,Thursday,1.2,2.44,18.88,1.458,0,61.34,1
08-01-2026 04:00,Hidden Degradation Tracker,Continuous HVAC Runtime,154.4,340.4,27,53.5,16,2.15,196.7,59.3,Warning,2026,1,8,4,Thursday,1.27,2.19,29.35,1.392,0,72.1,1
08-01-2026 05:00,Hidden Degradation Tracker,Cooling Inefficiency,273.3,279.3,5.7,44.2,20.9,2.4,347.7,46.4,Warning,2026,1,8,5,Thursday,1.27,1.02,20.8,0.878,0,63.12,1
08-01-2026 06:00,Hidden Degradation Tracker,Continuous HVAC Runtime,169.6,357.5,27,50.9,17.2,1.49,245.6,61.4,Warning,2026,1,8,6,Thursday,1.45,2.1,29.33,0.879,0,75.16,1
08-01-2026 07:00,Hidden Degradation Tracker,Continuous HVAC Runtime,336.5,420,20.6,48.2,21.1,1.69,427.5,62,Warning,2026,1,8,7,Thursday,1.27,1.24,31.16,0.502,0,78.88,1
08-01-2026 08:00,Hidden Degradation Tracker,Cooling Inefficiency,125.5,323.9,9.4,56.9,20.9,1.66,174.3,47.1,Warning,2026,1,8,8,Thursday,1.39,2.56,20.26,1.323,0,63.82,1
08-01-2026 09:00,Hidden Degradation Tracker,Predictive Failure,333.3,420,20.5,50.6,18.2,2.26,413.3,62.1,Warning,2026,1,8,9,Thursday,1.24,1.26,31.48,0.678,0,76.66,1
08-01-2026 10:00,Hidden Degradation Tracker,Continuous HVAC Runtime,251.6,420,35.7,54.2,20,2.98,310.8,70.5,Warning,2026,1,8,10,Thursday,1.24,1.66,37.08,1.184,0,86.5,1
08-01-2026 11:00,Hidden Degradation Tracker,Compressor Degradation,234.7,304.2,10.4,47.7,23.2,3.2,296.3,49,Warning,2026,1,8,11,Thursday,1.26,1.29,22.56,1.363,0,67.56,1
08-01-2026 12:00,Hidden Degradation Tracker,Compressor Degradation,210,299.2,6.1,52.1,20.7,2.49,281,46.8,Warning,2026,1,8,12,Thursday,1.34,1.42,20.47,1.186,0,63.36,1
08-01-2026 13:00,Hidden Degradation Tracker,Compressor Degradation,262,268.9,9.6,47,19.2,2.43,320.9,49,Warning,2026,1,8,13,Thursday,1.22,1.02,22.93,0.927,0,64.36,1
08-01-2026 14:00,Hidden Degradation Tracker,Cooling Inefficiency,237.9,276.3,11.5,51.9,21.4,1.39,301.7,51.3,Warning,2026,1,8,14,Thursday,1.27,1.16,24.06,0.584,0,68.42,1
08-01-2026 15:00,Hidden Degradation Tracker,Predictive Failure,300.7,420,26.5,44.1,24,1.96,392.8,63.9,Warning,2026,1,8,15,Thursday,1.31,1.39,32.09,0.652,0,83.1,1
08-01-2026 16:00,Hidden Degradation Tracker,Compressor Degradation,246.3,323.4,7.8,40.2,21.9,1.85,305.7,45.1,Warning,2026,1,8,16,Thursday,1.24,1.31,20.15,0.751,0,62.62,1
08-01-2026 17:00,Hidden Degradation Tracker,Continuous HVAC Runtime,248.3,346.2,18.8,46,15.5,1.92,311.4,55.3,Warning,2026,1,8,17,Thursday,1.25,1.39,26.88,0.773,0,67.7,1
08-01-2026 18:00,Hidden Degradation Tracker,Cooling Inefficiency,220,332.9,4.3,48.4,20.2,2.12,310.4,45.7,Warning,2026,1,8,18,Thursday,1.41,1.51,19.16,0.964,0,61.86,1
08-01-2026 19:00,Hidden Degradation Tracker,Compressor Degradation,236.9,271.2,8.6,46.6,21.4,1.99,302.4,47.6,Warning,2026,1,8,19,Thursday,1.28,1.14,21.52,0.84,0,64.72,1
08-01-2026 20:00,Hidden Degradation Tracker,Cooling Inefficiency,256.9,291.8,3.9,49.6,19.3,1.31,323,45.8,Warning,2026,1,8,20,Thursday,1.26,1.13,20.43,0.51,0,61.24,1
08-01-2026 21:00,Hidden Degradation Tracker,Continuous HVAC Runtime,145.9,231.2,15.7,48.9,12,2.54,182,48.7,Warning,2026,1,8,21,Thursday,1.25,1.57,22.49,1.741,0,58.3,1
08-01-2026 22:00,Hidden Degradation Tracker,Continuous HVAC Runtime,165.8,201.2,7.5,42.6,14,1.72,225.6,43,Warning,2026,1,8,22,Thursday,1.36,1.21,17.8,1.037,0,54.2,1
08-01-2026 23:00,Hidden Degradation Tracker,Predictive Failure,280.9,420,33.2,55.7,19.4,2.31,355.1,70.8,Warning,2026,1,8,23,Thursday,1.26,1.49,37.1,0.822,0,86.32,1
09-01-2026 00:00,Hidden Degradation Tracker,Continuous HVAC Runtime,249.4,420,34.3,54,22.9,3.13,321.9,69.9,Warning,2026,1,9,0,Friday,1.29,1.68,36.26,1.255,0,88.22,1
09-01-2026 01:00,Hidden Degradation Tracker,Compressor Degradation,229.9,373.9,3.8,41.8,19.7,1.79,317.8,43.4,Warning,2026,1,9,1,Friday,1.38,1.62,17.92,0.779,0,59.16,1
09-01-2026 02:00,Hidden Degradation Tracker,Cooling Inefficiency,241,395.5,11.3,42.7,21.4,1.06,321.7,49.3,Warning,2026,1,9,2,Friday,1.33,1.63,22.22,0.44,0,66.42,1
09-01-2026 03:00,Hidden Degradation Tracker,Compressor Degradation,259.1,306.2,3.4,48.4,22.8,2.07,326.3,45.2,Warning,2026,1,9,3,Friday,1.26,1.18,20.02,0.799,0,63.44,1
09-01-2026 04:00,Hidden Degradation Tracker,Cooling Inefficiency,210.3,263.1,5.7,47,21.3,2.7,255.2,43.4,Warning,2026,1,9,4,Friday,1.21,1.25,19.26,1.284,0,60.44,1
09-01-2026 05:00,Hidden Degradation Tracker,Cooling Inefficiency,197.2,369.4,10.5,57.5,19.1,3.08,278.8,51.9,Warning,2026,1,9,5,Friday,1.41,1.86,23.32,1.562,0,67.18,1
09-01-2026 06:00,Hidden Degradation Tracker,Predictive Failure,250.8,420,37.5,62.6,21.5,1.65,320,74.8,Warning,2026,1,9,6,Friday,1.28,1.67,39.63,0.658,0,92,1
09-01-2026 07:00,Hidden Degradation Tracker,Continuous HVAC Runtime,186.2,388.1,35.8,60.4,18,2.42,257.6,70.8,Warning,2026,1,9,7,Friday,1.38,2.07,36.19,1.3,0,85.2,1
09-01-2026 08:00,Resource & Environment Optimizer,Energy Consumption Anomaly,133.8,250.5,30.4,51.1,18.5,1.99,295.3,71.3,Optimization Alert,2026,1,9,8,Friday,2.21,1.86,29.88,1.487,0,86.1,
09-01-2026 09:00,Resource & Environment Optimizer,Humidity Instability,146.4,264.5,17.3,66,16,2.15,209.9,67.3,Optimization Alert,2026,1,9,9,Friday,1.43,1.79,26.73,1.469,0,80.1,
09-01-2026 10:00,Resource & Environment Optimizer,Humidity Instability,296.6,420,23.5,72,18.1,3.39,357.4,78.5,Optimization Alert,2026,1,9,10,Friday,1.2,1.41,36.04,1.143,1,92.98,
09-01-2026 11:00,Resource & Environment Optimizer,Energy Consumption Anomaly,143.4,325,35.5,52.5,20.1,1.52,360.4,79.7,Optimization Alert,2026,1,9,11,Friday,2.51,2.25,33.03,1.06,1,95.78,
09-01-2026 12:00,Resource & Environment Optimizer,Airflow Imbalance,254.1,408.4,28.8,48.5,17.5,0.51,323.3,76.1,Optimization Alert,2026,1,9,12,Friday,1.27,1.6,32.57,0.201,1,90.1,
09-01-2026 13:00,Resource & Environment Optimizer,Airflow Imbalance,294,293.5,7.9,41.6,15.7,0.72,352.5,59.5,Optimization Alert,2026,1,9,13,Friday,1.2,0.99,22.07,0.245,0,72.06,
09-01-2026 14:00,Resource & Environment Optimizer,Humidity Instability,331.6,343.7,5.9,63.5,18.4,2.69,407,54.8,Optimization Alert,2026,1,9,14,Friday,1.23,1.03,26.7,0.811,0,69.52,
09-01-2026 15:00,Resource & Environment Optimizer,Humidity Instability,295.8,420,21.6,30.4,16.5,2.24,375.9,55.4,Optimization Alert,2026,1,9,15,Friday,1.27,1.42,26.74,0.757,0,68.6,
09-01-2026 16:00,Resource & Environment Optimizer,Humidity Instability,138.8,207.6,7.5,65.3,12.2,2.34,183.5,58,Optimization Alert,2026,1,9,16,Friday,1.32,1.48,21.44,1.686,0,67.76,
09-01-2026 17:00,Resource & Environment Optimizer,Humidity Instability,169.6,229.4,12.1,35.9,15.9,2.02,231.9,44.8,Optimization Alert,2026,1,9,17,Friday,1.37,1.34,18.88,1.191,0,57.52,
09-01-2026 18:00,Resource & Environment Optimizer,Humidity Instability,205.6,318.4,16.3,74.2,15.2,2.32,287.5,71.6,Optimization Alert,2026,1,9,18,Friday,1.4,1.54,29.84,1.128,0,83.76,
09-01-2026 19:00,Resource & Environment Optimizer,Airflow Imbalance,241.4,356.9,20,54,17.5,0.83,290.1,69.7,Optimization Alert,2026,1,9,19,Friday,1.2,1.47,28.85,0.344,0,83.7,
09-01-2026 20:00,Resource & Environment Optimizer,Energy Consumption Anomaly,140.8,318.6,18.4,52.1,15.3,2.48,342.1,65.6,Optimization Alert,2026,1,9,20,Friday,2.43,2.25,24.31,1.761,0,77.84,
09-01-2026 21:00,Resource & Environment Optimizer,Airflow Imbalance,200.1,300.5,14.9,38.6,15.6,1.05,259.6,48.4,Optimization Alert,2026,1,9,21,Friday,1.3,1.49,21.84,0.525,0,60.88,
09-01-2026 22:00,Resource & Environment Optimizer,Airflow Imbalance,250.3,402.3,23.6,36.7,17.5,0.66,307.9,68,Optimization Alert,2026,1,9,22,Friday,1.23,1.6,27.48,0.264,0,82,
09-01-2026 23:00,Resource & Environment Optimizer,Humidity Instability,198.5,253,14.7,35.1,16.3,2.19,242.2,46.1,Optimization Alert,2026,1,9,23,Friday,1.22,1.27,20.99,1.103,0,59.14,
10-01-2026 00:00,Resource & Environment Optimizer,Energy Consumption Anomaly,82.4,267.7,17,40,17.3,2.71,292.7,71.5,Optimization Alert,2026,1,10,0,Saturday,3.55,3.21,19.25,3.289,0,85.34,
10-01-2026 01:00,Resource & Environment Optimizer,Humidity Instability,162.6,349.8,25.5,33.1,20.5,2.18,238.2,54.7,Optimization Alert,2026,1,10,1,Saturday,1.46,2.14,24.79,1.341,0,71.1,
10-01-2026 02:00,Resource & Environment Optimizer,Energy Consumption Anomaly,117.5,237.3,28.7,45.6,18.6,1.4,383.8,80.3,Optimization Alert,2026,1,10,2,Saturday,3.27,2,27.39,1.191,1,95.18,
10-01-2026 03:00,Resource & Environment Optimizer,Airflow Imbalance,165.7,420,39.7,46.9,20.2,0.84,248.2,82.1,Optimization Alert,2026,1,10,3,Saturday,1.5,2.52,34.75,0.507,1,98.26,
10-01-2026 04:00,Resource & Environment Optimizer,Airflow Imbalance,186.3,380.6,29.1,54.4,18.1,0.59,231.1,74.3,Optimization Alert,2026,1,10,4,Saturday,1.24,2.03,31.64,0.317,0,88.78,
10-01-2026 05:00,Resource & Environment Optimizer,Humidity Instability,298,420,32.4,36.5,20,1.91,377.6,65.4,Optimization Alert,2026,1,10,5,Saturday,1.27,1.4,33.43,0.641,0,81.4,
10-01-2026 06:00,Resource & Environment Optimizer,Airflow Imbalance,187.8,275.6,16.6,43.8,15.6,0.51,229.6,61.6,Optimization Alert,2026,1,10,6,Saturday,1.22,1.46,23.32,0.272,0,74.08,
10-01-2026 07:00,Resource & Environment Optimizer,Energy Consumption Anomaly,82,253.2,21.9,35.8,19.3,2.82,331.8,79.9,Optimization Alert,2026,1,10,7,Saturday,4.05,3.05,20.84,3.439,1,95.34,
10-01-2026 08:00,Resource & Environment Optimizer,Energy Consumption Anomaly,84,235.6,22.5,46.3,18.1,1.24,375.9,88.6,Optimization Alert,2026,1,10,8,Saturday,4.47,2.77,23.31,1.476,1,103.08,
10-01-2026 09:00,Resource & Environment Optimizer,Humidity Instability,250.2,384.6,19.8,66.5,18.9,3.61,316.7,72.6,Optimization Alert,2026,1,10,9,Saturday,1.27,1.53,31.54,1.443,0,87.72,
10-01-2026 10:00,Resource & Environment Optimizer,Humidity Instability,192.8,420,35.3,71.8,17.8,2.68,223.8,81.6,Optimization Alert,2026,1,10,10,Saturday,1.16,2.17,38.44,1.39,1,95.84,
10-01-2026 11:00,Resource & Environment Optimizer,Humidity Instability,278.5,360.3,16.6,31.9,18.4,2.3,354.9,51.2,Optimization Alert,2026,1,10,11,Saturday,1.27,1.29,23.96,0.826,0,65.92,
10-01-2026 12:00,Resource & Environment Optimizer,Airflow Imbalance,208.3,420,36.7,54.6,21.8,0.86,286.6,82.9,Optimization Alert,2026,1,10,12,Saturday,1.38,2.01,36.21,0.413,1,100.34,
10-01-2026 13:00,Resource & Environment Optimizer,Energy Consumption Anomaly,96.9,339.9,23.5,52.3,17.5,2.33,349,81.4,Optimization Alert,2026,1,10,13,Saturday,3.6,3.47,25.44,2.405,1,95.4,
10-01-2026 14:00,Resource & Environment Optimizer,Airflow Imbalance,380,420,28.7,52.1,18,0.98,480.1,83.3,Optimization Alert,2026,1,10,14,Saturday,1.26,1.1,37.44,0.258,1,97.7,
10-01-2026 15:00,Resource & Environment Optimizer,Humidity Instability,234.7,326.7,21,67.9,16,2.49,285.2,72.5,Optimization Alert,2026,1,10,15,Saturday,1.22,1.39,31.9,1.061,0,85.3,
10-01-2026 16:00,Resource & Environment Optimizer,Energy Consumption Anomaly,81.5,293.5,19.3,53.7,19.7,2.45,392.3,92.4,Optimization Alert,2026,1,10,16,Saturday,4.81,3.56,23.11,3.006,1,108.16,
10-01-2026 17:00,Resource & Environment Optimizer,Energy Consumption Anomaly,142,268.3,18.4,46.6,15.7,2.24,297.5,60.1,Optimization Alert,2026,1,10,17,Saturday,2.1,1.88,23.25,1.577,0,72.66,
10-01-2026 18:00,Resource & Environment Optimizer,Energy Consumption Anomaly,82.4,313.5,11.6,44.5,13.4,2.11,413.8,86.4,Optimization Alert,2026,1,10,18,Saturday,5.02,3.76,17.45,2.561,1,97.12,
10-01-2026 19:00,Resource & Environment Optimizer,Energy Consumption Anomaly,154.7,305.6,19.9,43.3,17.8,2.13,302.5,59.2,Optimization Alert,2026,1,10,19,Saturday,1.96,1.96,23.77,1.377,0,73.44,
10-01-2026 20:00,Resource & Environment Optimizer,Airflow Imbalance,205.5,247.3,10.1,41.8,15.2,0.87,257.6,57.4,Optimization Alert,2026,1,10,20,Saturday,1.25,1.2,20.26,0.423,0,69.56,
10-01-2026 21:00,Resource & Environment Optimizer,Airflow Imbalance,339.7,345.9,4.8,37.5,16.1,0.62,414.8,58.5,Optimization Alert,2026,1,10,21,Saturday,1.22,1.02,21.22,0.183,0,71.38,
10-01-2026 22:00,Resource & Environment Optimizer,Airflow Imbalance,278.9,393.7,20.5,47.3,17.2,0.99,354.5,70.8,Optimization Alert,2026,1,10,22,Saturday,1.27,1.41,29.01,0.355,0,84.56,
10-01-2026 23:00,Resource & Environment Optimizer,Humidity Instability,209.1,268,10.2,76.2,13.5,0.88,258,77.7,Optimization Alert,2026,1,10,23,Saturday,1.23,1.28,27.31,0.421,1,88.5,
11-01-2026 00:00,Resource & Environment Optimizer,Airflow Imbalance,274.8,420,29,44.7,18.8,0.65,341,75.8,Optimization Alert,2026,1,11,0,Sunday,1.24,1.52,32.6,0.237,1,90.84,
11-01-2026 01:00,Resource & Environment Optimizer,Airflow Imbalance,293.5,420,35.6,46.2,19.8,1.04,372.7,70.5,Optimization Alert,2026,1,11,1,Sunday,1.27,1.43,36.82,0.354,0,86.34,
11-01-2026 02:00,Resource & Environment Optimizer,Energy Consumption Anomaly,107.2,314.9,37.4,62.3,23.6,2.19,332.9,89.4,Optimization Alert,2026,1,11,2,Sunday,3.11,2.91,34.73,2.043,1,108.28,
11-01-2026 03:00,Resource & Environment Optimizer,Energy Consumption Anomaly,123.4,281,19.1,46.6,14.5,2.03,315.5,65.2,Optimization Alert,2026,1,11,3,Sunday,2.56,2.26,22.98,1.645,0,76.8,
11-01-2026 04:00,Resource & Environment Optimizer,Humidity Instability,200,259.9,15.4,66.5,16.9,2.71,269.2,67.7,Optimization Alert,2026,1,11,4,Sunday,1.35,1.29,27.67,1.355,0,81.22,
11-01-2026 05:00,Resource & Environment Optimizer,Humidity Instability,226.4,420,37.4,28.8,22.6,2.63,289.5,63.4,Optimization Alert,2026,1,11,5,Sunday,1.28,1.85,32.01,1.162,0,81.48,
11-01-2026 06:00,Resource & Environment Optimizer,Humidity Instability,235.9,420,34.4,28.9,21.4,1.85,319.2,62.5,Optimization Alert,2026,1,11,6,Sunday,1.35,1.77,30.84,0.784,0,79.62,
11-01-2026 07:00,Resource & Environment Optimizer,Airflow Imbalance,274.1,420,38.6,64.6,20.8,1.05,358.4,77.8,Optimization Alert,2026,1,11,7,Sunday,1.31,1.53,41.36,0.383,1,94.44,
11-01-2026 08:00,Resource & Environment Optimizer,Humidity Instability,249.8,420,35.6,68,21,1.76,305.2,84.2,Optimization Alert,2026,1,11,8,Sunday,1.22,1.67,39.73,0.705,1,101,
11-01-2026 09:00,Resource & Environment Optimizer,Energy Consumption Anomaly,95.9,253.6,33,50.7,18.2,1.58,286.4,80.6,Optimization Alert,2026,1,11,9,Sunday,2.99,2.62,29.84,1.648,1,95.16,
11-01-2026 10:00,Resource & Environment Optimizer,Energy Consumption Anomaly,136.8,267.8,14.4,56.5,14.6,1.92,303.7,61.2,Optimization Alert,2026,1,11,10,Sunday,2.22,1.94,23.06,1.404,0,72.88,
11-01-2026 11:00,Resource & Environment Optimizer,Humidity Instability,273.6,396.1,16.1,32.5,17,2.59,332,50,Optimization Alert,2026,1,11,11,Sunday,1.21,1.44,23.67,0.947,0,63.6,
11-01-2026 12:00,Resource & Environment Optimizer,Airflow Imbalance,270.8,420,28.6,55.2,17.5,0.57,336.1,78.4,Optimization Alert,2026,1,11,12,Sunday,1.24,1.55,34.37,0.21,1,92.4,
11-01-2026 13:00,Resource & Environment Optimizer,Airflow Imbalance,299.4,345.4,9.7,45.4,17.4,0.73,379.1,63.1,Optimization Alert,2026,1,11,13,Sunday,1.27,1.15,23.91,0.244,0,77.02,
11-01-2026 14:00,Resource & Environment Optimizer,Energy Consumption Anomaly,133,325.5,9.5,50.3,14.6,2.53,380.2,63.2,Optimization Alert,2026,1,11,14,Sunday,2.86,2.43,19.24,1.902,0,74.88,
11-01-2026 15:00,Resource & Environment Optimizer,Airflow Imbalance,265.3,350.6,15.4,54,16.5,0.8,330.4,68,Optimization Alert,2026,1,11,15,Sunday,1.25,1.32,27.34,0.302,0,81.2,
11-01-2026 16:00,Resource & Environment Optimizer,Energy Consumption Anomaly,152.3,326,27.2,51.1,18.7,1.91,390.8,74.2,Optimization Alert,2026,1,11,16,Sunday,2.57,2.13,28.9,1.254,0,89.16,
11-01-2026 17:00,Resource & Environment Optimizer,Airflow Imbalance,148.6,249.6,17,43.1,14.1,0.44,214.5,62.4,Optimization Alert,2026,1,11,17,Sunday,1.44,1.67,22.07,0.296,0,73.68,
11-01-2026 18:00,Resource & Environment Optimizer,Airflow Imbalance,263.6,341.6,15.1,48.3,17,0.4,353.5,67.1,Optimization Alert,2026,1,11,18,Sunday,1.34,1.29,26,0.152,0,80.7,
11-01-2026 19:00,Resource & Environment Optimizer,Airflow Imbalance,251.4,252.4,3.8,38.1,12.7,0.55,321.3,54.2,Optimization Alert,2026,1,11,19,Sunday,1.28,1,17.9,0.219,0,64.36,
11-01-2026 20:00,Resource & Environment Optimizer,Energy Consumption Anomaly,133.1,276.3,15.8,56.4,17.4,2.74,325.8,64.8,Optimization Alert,2026,1,11,20,Sunday,2.45,2.06,23.62,2.059,0,78.72,
11-01-2026 21:00,Resource & Environment Optimizer,Airflow Imbalance,169.8,313.9,22.9,49.8,14.1,1.02,211.5,55.6,Optimization Alert,2026,1,11,21,Sunday,1.25,1.84,27.07,0.601,0,66.88,
11-01-2026 22:00,Resource & Environment Optimizer,Energy Consumption Anomaly,151.6,263.9,6.3,40.7,12.9,2.36,405.5,56.6,Optimization Alert,2026,1,11,22,Sunday,2.67,1.73,16.34,1.557,0,66.92,
11-01-2026 23:00,Resource & Environment Optimizer,Humidity Instability,297.9,405.4,19.8,34.9,20.7,2.68,385.5,55.7,Optimization Alert,2026,1,11,23,Sunday,1.29,1.36,26.81,0.9,0,72.26,
12-01-2026 00:00,Resource & Environment Optimizer,Airflow Imbalance,237.8,400.2,26.4,43.8,16.6,0.91,308,72.4,Optimization Alert,2026,1,12,0,Monday,1.3,1.68,29.89,0.383,0,85.68,
12-01-2026 01:00,Resource & Environment Optimizer,Humidity Instability,277.5,363.2,21.3,71.7,16.7,1.8,364.4,77.1,Optimization Alert,2026,1,12,1,Monday,1.31,1.3,34.24,0.649,1,90.46,
12-01-2026 02:00,Resource & Environment Optimizer,Humidity Instability,241.6,383.9,21.4,63.9,17.9,2.13,317.7,63,Optimization Alert,2026,1,12,2,Monday,1.31,1.58,31.53,0.882,0,77.32,
12-01-2026 03:00,Resource & Environment Optimizer,Airflow Imbalance,241.6,375.1,21.6,45.4,17.4,0.74,290.9,68.3,Optimization Alert,2026,1,12,3,Monday,1.2,1.55,27.93,0.306,0,82.22,
12-01-2026 04:00,Resource & Environment Optimizer,Energy Consumption Anomaly,89.4,353,18.6,42.2,17.9,1.9,369.1,80.6,Optimization Alert,2026,1,12,4,Monday,4.13,3.9,20.72,2.125,1,94.92,
12-01-2026 05:00,Resource & Environment Optimizer,Airflow Imbalance,211.6,284.3,20.9,51,17.2,0.5,262.8,68.4,Optimization Alert,2026,1,12,5,Monday,1.24,1.34,27.7,0.236,0,82.16,
12-01-2026 06:00,Resource & Environment Optimizer,Humidity Instability,245.3,420,31,72.1,20.2,1.84,314.6,82.5,Optimization Alert,2026,1,12,6,Monday,1.28,1.71,38.1,0.75,1,98.66,
12-01-2026 07:00,Resource & Environment Optimizer,Airflow Imbalance,214.6,420,34.2,57.3,21.1,0.48,289.7,81.8,Optimization Alert,2026,1,12,7,Monday,1.35,1.95,35.71,0.224,1,98.68,
12-01-2026 08:00,Resource & Environment Optimizer,Energy Consumption Anomaly,123.7,268.2,31.3,57.5,19.4,1.35,404.4,86.1,Optimization Alert,2026,1,12,8,Monday,3.27,2.15,31.27,1.091,1,101.62,
12-01-2026 09:00,Resource & Environment Optimizer,Airflow Imbalance,223,395.7,30.5,48.4,18.4,0.91,327.6,78.2,Optimization Alert,2026,1,12,9,Monday,1.47,1.77,32.36,0.408,1,92.92,
12-01-2026 10:00,Resource & Environment Optimizer,Humidity Instability,252.2,385,21,76.9,18.2,2.2,329.8,77.2,Optimization Alert,2026,1,12,10,Monday,1.31,1.52,34.29,0.872,1,91.76,
12-01-2026 11:00,Resource & Environment Optimizer,Airflow Imbalance,213.7,306.1,19,55.1,18.9,1.01,278.7,57.1,Optimization Alert,2026,1,12,11,Monday,1.3,1.43,27.64,0.473,0,72.22,
12-01-2026 12:00,Resource & Environment Optimizer,Airflow Imbalance,309.1,420,27,49.2,19.4,0.77,395.1,77.8,Optimization Alert,2026,1,12,12,Monday,1.28,1.35,33.64,0.249,1,93.32,
12-01-2026 13:00,Resource & Environment Optimizer,Airflow Imbalance,190.8,316.3,15.7,45,13.5,0.89,254,62.8,Optimization Alert,2026,1,12,13,Monday,1.33,1.65,23.21,0.466,0,73.6,
12-01-2026 14:00,Resource & Environment Optimizer,Humidity Instability,229.7,316.6,16.2,71,17.4,1.48,291.7,70.2,Optimization Alert,2026,1,12,14,Monday,1.27,1.37,29.96,0.644,0,84.12,
12-01-2026 15:00,Resource & Environment Optimizer,Humidity Instability,215.8,354.1,22.3,28.1,16.6,1.86,299.9,52.6,Optimization Alert,2026,1,12,15,Monday,1.39,1.63,23.96,0.862,0,65.88,
12-01-2026 16:00,Resource & Environment Optimizer,Energy Consumption Anomaly,142.4,230.6,20.9,50.6,15.2,1.85,275.8,61.3,Optimization Alert,2026,1,12,16,Monday,1.94,1.61,25.32,1.299,0,73.46,
12-01-2026 17:00,Resource & Environment Optimizer,Humidity Instability,250.8,255.9,3,63.5,14.5,1.78,318.8,49.1,Optimization Alert,2026,1,12,17,Monday,1.27,1.02,22.56,0.71,0,60.7,
12-01-2026 18:00,Resource & Environment Optimizer,Energy Consumption Anomaly,97.2,303.3,3.4,38.1,13.3,2.57,270.8,52.3,Optimization Alert,2026,1,12,18,Monday,2.79,3.09,12.56,2.644,0,62.94,
12-01-2026 19:00,Resource & Environment Optimizer,Airflow Imbalance,158.3,163,2,45.4,11.2,0.92,206.9,50.8,Optimization Alert,2026,1,12,19,Monday,1.31,1.02,15.36,0.581,0,59.76,
12-01-2026 20:00,Resource & Environment Optimizer,Airflow Imbalance,254.7,370.4,14,45.9,16.2,0.42,331,64.6,Optimization Alert,2026,1,12,20,Monday,1.3,1.45,24.67,0.165,0,77.56,
12-01-2026 21:00,Resource & Environment Optimizer,Airflow Imbalance,288.9,273,2,42.1,14,0.86,346.9,55,Optimization Alert,2026,1,12,21,Monday,1.2,0.94,19.05,0.298,0,66.2,
12-01-2026 22:00,Resource & Environment Optimizer,Airflow Imbalance,244.5,331.2,15.4,53.8,16.9,0.77,304.3,66.8,Optimization Alert,2026,1,12,22,Monday,1.24,1.35,26.61,0.315,0,80.32,
12-01-2026 23:00,Resource & Environment Optimizer,Humidity Instability,298.6,413.2,17.9,29,16.7,1.64,358,51.4,Optimization Alert,2026,1,12,23,Monday,1.2,1.38,24.7,0.549,0,64.76,
13-01-2026 00:00,Resource & Environment Optimizer,Airflow Imbalance,211.5,260,7.1,45.5,14.2,0.92,273.4,57,Optimization Alert,2026,1,13,0,Tuesday,1.29,1.22,19.7,0.435,0,68.36,
13-01-2026 01:00,Resource & Environment Optimizer,Humidity Instability,317.5,420,20.6,65.9,17.9,2.32,404.4,76.3,Optimization Alert,2026,1,13,1,Tuesday,1.27,1.32,34.06,0.731,1,90.62,
13-01-2026 02:00,Resource & Environment Optimizer,Airflow Imbalance,366.4,382.3,5.9,40.5,17.1,1.09,453.4,49.8,Optimization Alert,2026,1,13,2,Tuesday,1.24,1.04,23.26,0.297,0,63.48,
13-01-2026 03:00,Resource & Environment Optimizer,Airflow Imbalance,220,242.5,9.3,39.5,15,0.58,299.5,58.1,Optimization Alert,2026,1,13,3,Tuesday,1.36,1.1,19.88,0.264,0,70.1,
13-01-2026 04:00,Resource & Environment Optimizer,Energy Consumption Anomaly,157.6,268.7,29.8,46.7,17.1,0.84,329,81.3,Optimization Alert,2026,1,13,4,Tuesday,2.09,1.69,29.49,0.533,1,94.98,
13-01-2026 05:00,Resource & Environment Optimizer,Humidity Instability,319.9,355.2,12.5,62.8,18.2,2.28,406.4,59.4,Optimization Alert,2026,1,13,5,Tuesday,1.27,1.11,29.47,0.713,0,73.96,
13-01-2026 06:00,Resource & Environment Optimizer,Humidity Instability,326.9,349.1,7.1,33.2,14.7,3.01,385.3,45.8,Optimization Alert,2026,1,13,6,Tuesday,1.18,1.06,21.09,0.921,0,57.56,
13-01-2026 07:00,Resource & Environment Optimizer,Humidity Instability,211.2,343.7,23.9,34.1,18.3,2.76,272.2,54.2,Optimization Alert,2026,1,13,7,Tuesday,1.29,1.62,25.81,1.307,0,68.84,
13-01-2026 08:00,Resource & Environment Optimizer,Energy Consumption Anomaly,135.1,324.3,31.7,51.6,19.5,2.29,403.6,81.9,Optimization Alert,2026,1,13,8,Tuesday,2.99,2.38,30.67,1.695,1,97.5,
13-01-2026 09:00,Resource & Environment Optimizer,Energy Consumption Anomaly,86.1,331.2,12.6,43.7,17.6,1.98,403.3,83,Optimization Alert,2026,1,13,9,Tuesday,4.68,3.8,17.91,2.3,1,97.08,
13-01-2026 10:00,Resource & Environment Optimizer,Humidity Instability,166.1,310.6,22.2,62.8,15.6,2.56,216.7,59.4,Optimization Alert,2026,1,13,10,Tuesday,1.3,1.86,29.2,1.541,0,71.88,
13-01-2026 11:00,Resource & Environment Optimizer,Energy Consumption Anomaly,96.7,285.3,2.6,45.1,11.5,1.76,273.6,54.3,Optimization Alert,2026,1,13,11,Tuesday,2.83,2.92,13.54,1.82,0,63.5,
